timestamp,location,sector,patient_intake,essential_drug_stock,bed_occupancy,staff_availability,threat_score
2026-02-18 18:29:40.505898,Marsabit-Health,Public Health,153.2,100.0,65.7,90.1,0.418
2026-02-18 19:29:40.505898,Marsabit-Health,Public Health,145.1,99.5,76.3,86.5,0.336
2026-02-18 20:29:40.505898,Marsabit-Health,Public Health,152.7,97.8,79.9,86.2,0.448
2026-02-18 21:29:40.505898,Marsabit-Health,Public Health,157.9,96.3,84.5,89.6,0.41
2026-02-18 22:29:40.505898,Marsabit-Health,Public Health,146.4,94.8,94.3,88.8,0.439
2026-02-18 23:29:40.505898,Marsabit-Health,Public Health,147.1,93.1,70.7,89.0,0.466
2026-02-19 00:29:40.505898,Marsabit-Health,Public Health,140.0,92.3,71.0,85.1,0.499
2026-02-19 01:29:40.505898,Marsabit-Health,Public Health,138.4,91.0,52.6,95.6,0.375
2026-02-19 02:29:40.505898,Marsabit-Health,Public Health,143.5,90.0,65.9,81.1,0.436
2026-02-19 03:29:40.505898,Marsabit-Health,Public Health,141.3,88.9,78.6,85.2,0.511
2026-02-19 04:29:40.505898,Marsabit-Health,Public Health,141.4,87.5,73.6,94.3,0.485
2026-02-19 05:29:40.505898,Marsabit-Health,Public Health,142.3,86.4,82.0,90.7,0.507
2026-02-19 06:29:40.505898,Marsabit-Health,Public Health,142.8,85.3,88.4,96.0,0.417
2026-02-19 07:29:40.505898,Marsabit-Health,Public Health,144.6,84.4,67.3,83.0,0.446
2026-02-19 08:29:40.505898,Marsabit-Health,Public Health,150.0,83.9,81.6,88.3,0.426
2026-02-19 09:29:40.505898,Marsabit-Health,Public Health,147.9,82.1,72.9,95.9,0.341
2026-02-19 10:29:40.505898,Marsabit-Health,Public Health,140.3,80.7,76.9,88.7,0.511
2026-02-19 11:29:40.505898,Marsabit-Health,Public Health,145.7,79.7,81.0,91.9,0.451
2026-02-19 12:29:40.505898,Marsabit-Health,Public Health,153.2,78.4,71.2,89.6,0.463
2026-02-19 13:29:40.505898,Marsabit-Health,Public Health,149.8,77.4,75.9,87.7,0.445
2026-02-19 14:29:40.505898,Marsabit-Health,Public Health,147.7,76.7,71.6,74.4,0.485
2026-02-19 15:29:40.505898,Marsabit-Health,Public Health,147.1,75.1,83.8,91.7,0.517
2026-02-19 16:29:40.505898,Marsabit-Health,Public Health,150.9,73.4,78.5,96.3,0.472
2026-02-19 17:29:40.505898,Marsabit-Health,Public Health,152.4,72.2,84.2,88.9,0.452
2026-02-19 18:29:40.505898,Marsabit-Health,Public Health,152.8,70.5,72.2,89.2,0.495
2026-02-19 19:29:40.505898,Marsabit-Health,Public Health,159.9,68.7,78.1,87.0,0.491
2026-02-19 20:29:40.505898,Marsabit-Health,Public Health,163.9,67.1,74.5,82.4,0.557
2026-02-19 21:29:40.505898,Marsabit-Health,Public Health,161.7,66.5,88.9,90.7,0.609
2026-02-19 22:29:40.505898,Marsabit-Health,Public Health,169.2,65.9,85.9,84.4,0.505
2026-02-19 23:29:40.505898,Marsabit-Health,Public Health,174.2,64.4,71.8,95.0,0.531
2026-02-20 00:29:40.505898,Marsabit-Health,Public Health,172.0,63.2,73.3,90.6,0.617
2026-02-20 01:29:40.505898,Marsabit-Health,Public Health,168.3,62.0,92.0,88.5,0.636
2026-02-20 02:29:40.505898,Marsabit-Health,Public Health,170.0,60.2,78.3,95.8,0.524
2026-02-20 03:29:40.505898,Marsabit-Health,Public Health,163.5,58.5,76.3,87.6,0.596
2026-02-20 04:29:40.505898,Marsabit-Health,Public Health,158.6,57.1,62.1,88.5,0.57
2026-02-20 05:29:40.505898,Marsabit-Health,Public Health,151.9,56.2,83.4,91.3,0.559
2026-02-20 06:29:40.505898,Marsabit-Health,Public Health,154.9,55.6,83.0,84.1,0.521
2026-02-20 07:29:40.505898,Marsabit-Health,Public Health,153.6,55.0,78.9,92.7,0.594
2026-02-20 08:29:40.505898,Marsabit-Health,Public Health,157.5,53.4,76.3,90.7,0.54
2026-02-20 09:29:40.505898,Marsabit-Health,Public Health,153.5,52.4,69.2,86.8,0.657
2026-02-20 10:29:40.505898,Marsabit-Health,Public Health,148.7,51.4,72.7,83.9,0.588
2026-02-20 11:29:40.505898,Marsabit-Health,Public Health,151.5,49.7,69.5,85.6,0.621
2026-02-20 12:29:40.505898,Marsabit-Health,Public Health,154.5,48.7,78.1,95.5,0.558
2026-02-20 13:29:40.505898,Marsabit-Health,Public Health,140.0,48.0,72.5,88.8,0.595
2026-02-20 14:29:40.505898,Marsabit-Health,Public Health,147.5,46.8,76.7,100.0,0.508
2026-02-20 15:29:40.505898,Marsabit-Health,Public Health,148.6,46.1,72.1,89.2,0.536
2026-02-20 16:29:40.505898,Marsabit-Health,Public Health,146.6,44.5,68.3,87.2,0.589
2026-02-20 17:29:40.505898,Marsabit-Health,Public Health,138.7,65.5,61.4,90.3,0.558
2026-02-20 18:29:40.505898,Marsabit-Health,Public Health,140.0,63.9,67.3,83.8,0.503
2026-02-20 19:29:40.505898,Marsabit-Health,Public Health,132.9,62.6,68.4,91.9,0.478
2026-02-20 20:29:40.505898,Marsabit-Health,Public Health,132.1,61.0,75.9,88.8,0.518
2026-02-20 21:29:40.505898,Marsabit-Health,Public Health,138.1,60.1,61.5,98.5,0.488
2026-02-20 22:29:40.505898,Marsabit-Health,Public Health,145.1,59.2,73.8,90.3,0.608
2026-02-20 23:29:40.505898,Marsabit-Health,Public Health,144.0,58.1,58.3,92.0,0.455
2026-02-21 00:29:40.505898,Marsabit-Health,Public Health,147.4,56.4,87.0,91.6,0.519
2026-02-21 01:29:40.505898,Marsabit-Health,Public Health,144.6,54.7,84.3,83.2,0.55
2026-02-21 02:29:40.505898,Marsabit-Health,Public Health,147.4,54.0,96.1,79.8,0.649
2026-02-21 03:29:40.505898,Marsabit-Health,Public Health,151.3,52.0,71.2,94.7,0.635
2026-02-21 04:29:40.505898,Marsabit-Health,Public Health,144.7,50.2,79.9,86.1,0.51
2026-02-21 05:29:40.505898,Marsabit-Health,Public Health,146.2,49.6,69.9,85.8,0.535
2026-02-21 06:29:40.505898,Marsabit-Health,Public Health,152.8,48.9,69.4,81.0,0.56
2026-02-21 07:29:40.505898,Marsabit-Health,Public Health,156.5,48.1,70.3,95.1,0.47
2026-02-21 08:29:40.505898,Marsabit-Health,Public Health,150.5,47.2,79.2,87.3,0.585
2026-02-21 09:29:40.505898,Marsabit-Health,Public Health,155.2,46.2,66.6,87.1,0.571
2026-02-21 10:29:40.505898,Marsabit-Health,Public Health,153.6,44.6,68.0,95.2,0.429
2026-02-21 11:29:40.505898,Marsabit-Health,Public Health,143.8,42.8,88.4,95.0,0.521
2026-02-21 12:29:40.505898,Marsabit-Health,Public Health,154.6,41.4,73.9,90.0,0.587
2026-02-21 13:29:40.505898,Marsabit-Health,Public Health,162.6,68.4,80.0,89.4,0.567
2026-02-21 14:29:40.505898,Marsabit-Health,Public Health,161.9,66.5,66.9,87.7,0.616
2026-02-21 15:29:40.505898,Marsabit-Health,Public Health,158.3,65.7,65.9,100.0,0.47
2026-02-21 16:29:40.505898,Marsabit-Health,Public Health,159.7,63.9,69.8,90.4,0.526
2026-02-21 17:29:40.505898,Marsabit-Health,Public Health,162.5,62.7,84.5,92.0,0.523
2026-02-21 18:29:40.505898,Marsabit-Health,Public Health,167.2,61.3,66.3,87.9,0.465
2026-02-21 19:29:40.505898,Marsabit-Health,Public Health,166.9,60.1,68.4,93.2,0.564
2026-02-21 20:29:40.505898,Marsabit-Health,Public Health,160.0,58.6,69.0,91.0,0.563
2026-02-21 21:29:40.505898,Marsabit-Health,Public Health,171.0,58.0,60.8,90.7,0.494
2026-02-21 22:29:40.505898,Marsabit-Health,Public Health,166.3,57.1,86.0,89.7,0.533
2026-02-21 23:29:40.505898,Marsabit-Health,Public Health,160.9,56.5,78.6,97.0,0.607
2026-02-22 00:29:40.505898,Marsabit-Health,Public Health,170.9,55.7,72.2,86.1,0.519
2026-02-22 01:29:40.505898,Marsabit-Health,Public Health,179.4,54.9,67.5,90.3,0.63
2026-02-22 02:29:40.505898,Marsabit-Health,Public Health,183.2,54.2,65.7,91.1,0.625
2026-02-22 03:29:40.505898,Marsabit-Health,Public Health,175.0,52.2,84.8,87.8,0.59
2026-02-22 04:29:40.505898,Marsabit-Health,Public Health,170.2,51.2,85.7,87.9,0.647
2026-02-22 05:29:40.505898,Marsabit-Health,Public Health,170.3,50.4,85.3,90.6,0.683
2026-02-22 06:29:40.505898,Marsabit-Health,Public Health,164.2,48.8,74.0,87.5,0.565
2026-02-22 07:29:40.505898,Marsabit-Health,Public Health,165.8,47.5,72.7,86.6,0.53
2026-02-22 08:29:40.505898,Marsabit-Health,Public Health,166.6,46.0,73.0,87.3,0.657
2026-02-22 09:29:40.505898,Marsabit-Health,Public Health,169.2,44.5,83.1,88.0,0.57
2026-02-22 10:29:40.505898,Marsabit-Health,Public Health,177.0,43.5,71.9,94.5,0.597
2026-02-22 11:29:40.505898,Marsabit-Health,Public Health,178.3,41.6,81.0,84.0,0.628
2026-02-22 12:29:40.505898,Marsabit-Health,Public Health,174.4,39.8,65.2,85.2,0.617
2026-02-22 13:29:40.505898,Marsabit-Health,Public Health,173.0,37.9,70.2,89.2,0.674
2026-02-22 14:29:40.505898,Marsabit-Health,Public Health,171.3,37.0,68.4,91.3,0.72
2026-02-22 15:29:40.505898,Marsabit-Health,Public Health,176.2,36.3,93.5,84.0,0.653
2026-02-22 16:29:40.505898,Marsabit-Health,Public Health,174.7,34.5,73.4,89.0,0.611
2026-02-22 17:29:40.505898,Marsabit-Health,Public Health,169.7,32.8,64.4,92.9,0.632
2026-02-22 18:29:40.505898,Marsabit-Health,Public Health,174.7,30.9,74.2,88.4,0.648
2026-02-22 19:29:40.505898,Marsabit-Health,Public Health,164.5,30.3,73.6,88.9,0.596
2026-02-22 20:29:40.505898,Marsabit-Health,Public Health,163.0,29.2,76.1,90.7,0.498
2026-02-22 21:29:40.505898,Marsabit-Health,Public Health,167.1,27.9,77.0,85.6,0.698
2026-02-22 22:29:40.505898,Marsabit-Health,Public Health,166.3,26.3,72.5,86.7,0.633
2026-02-22 23:29:40.505898,Marsabit-Health,Public Health,161.7,25.7,77.2,92.7,0.717
2026-02-23 00:29:40.505898,Marsabit-Health,Public Health,161.1,23.7,73.9,84.4,0.609
2026-02-23 01:29:40.505898,Marsabit-Health,Public Health,162.3,22.2,69.3,91.4,0.623
2026-02-23 02:29:40.505898,Marsabit-Health,Public Health,156.8,20.5,90.7,90.6,0.691
2026-02-23 03:29:40.505898,Marsabit-Health,Public Health,160.2,18.7,58.3,92.7,0.691
2026-02-23 04:29:40.505898,Marsabit-Health,Public Health,162.9,68.3,75.1,86.5,0.54
2026-02-23 05:29:40.505898,Marsabit-Health,Public Health,162.3,67.2,71.4,77.6,0.512
2026-02-23 06:29:40.505898,Marsabit-Health,Public Health,156.4,100.0,68.8,92.0,0.498
2026-02-23 07:29:40.505898,Marsabit-Health,Public Health,150.0,98.8,82.5,90.3,0.474
2026-02-23 08:29:40.505898,Marsabit-Health,Public Health,141.0,97.9,74.5,84.7,0.407
2026-02-23 09:29:40.505898,Marsabit-Health,Public Health,131.9,97.1,70.3,85.4,0.4
2026-02-23 10:29:40.505898,Marsabit-Health,Public Health,136.2,95.9,82.0,96.9,0.383
2026-02-23 11:29:40.505898,Marsabit-Health,Public Health,139.2,94.3,93.4,100.0,0.413
2026-02-23 12:29:40.505898,Marsabit-Health,Public Health,132.0,93.4,64.3,89.7,0.323
2026-02-23 13:29:40.505898,Marsabit-Health,Public Health,137.7,92.8,71.9,99.2,0.402
2026-02-23 14:29:40.505898,Marsabit-Health,Public Health,137.2,91.2,81.0,92.0,0.418
2026-02-23 15:29:40.505898,Marsabit-Health,Public Health,135.9,89.5,90.1,88.3,0.481
2026-02-23 16:29:40.505898,Marsabit-Health,Public Health,140.7,88.6,60.1,95.5,0.369
2026-02-23 17:29:40.505898,Marsabit-Health,Public Health,139.6,87.8,82.2,84.6,0.533
2026-02-23 18:29:40.505898,Marsabit-Health,Public Health,137.2,87.0,72.0,91.5,0.423
2026-02-23 19:29:40.505898,Marsabit-Health,Public Health,133.3,86.1,72.8,100.0,0.308
2026-02-23 20:29:40.505898,Marsabit-Health,Public Health,134.2,85.1,71.9,86.3,0.481
2026-02-23 21:29:40.505898,Marsabit-Health,Public Health,132.3,83.7,69.4,88.6,0.472
2026-02-23 22:29:40.505898,Marsabit-Health,Public Health,139.2,82.9,74.5,89.2,0.417
2026-02-23 23:29:40.505898,Marsabit-Health,Public Health,140.1,81.6,78.5,97.8,0.335
2026-02-24 00:29:40.505898,Marsabit-Health,Public Health,140.2,79.9,74.4,85.0,0.404
2026-02-24 01:29:40.505898,Marsabit-Health,Public Health,140.0,78.4,73.4,88.4,0.429
2026-02-24 02:29:40.505898,Marsabit-Health,Public Health,141.8,76.7,64.6,90.0,0.467
2026-02-24 03:29:40.505898,Marsabit-Health,Public Health,150.6,75.6,80.7,89.4,0.536
2026-02-24 04:29:40.505898,Marsabit-Health,Public Health,144.2,73.7,58.7,82.1,0.538
2026-02-24 05:29:40.505898,Marsabit-Health,Public Health,148.1,72.4,68.7,92.1,0.464
2026-02-24 06:29:40.505898,Marsabit-Health,Public Health,144.9,71.2,85.9,94.0,0.503
2026-02-24 07:29:40.505898,Marsabit-Health,Public Health,146.5,70.6,71.4,97.0,0.445
2026-02-24 08:29:40.505898,Marsabit-Health,Public Health,160.0,69.8,82.6,85.8,0.62
2026-02-24 09:29:40.505898,Marsabit-Health,Public Health,152.6,68.7,65.3,94.1,0.534
2026-02-24 10:29:40.505898,Marsabit-Health,Public Health,140.2,67.4,90.3,87.3,0.565
2026-02-24 11:29:40.505898,Marsabit-Health,Public Health,141.5,66.9,82.8,100.0,0.564
2026-02-24 12:29:40.505898,Marsabit-Health,Public Health,146.7,66.0,76.5,88.0,0.579
2026-02-24 13:29:40.505898,Marsabit-Health,Public Health,143.3,64.5,70.9,88.6,0.595
2026-02-24 14:29:40.505898,Marsabit-Health,Public Health,139.6,63.0,92.0,77.5,0.563
2026-02-24 15:29:40.505898,Marsabit-Health,Public Health,137.7,61.7,77.7,89.2,0.553
2026-02-24 16:29:40.505898,Marsabit-Health,Public Health,140.8,59.9,61.3,91.5,0.392
2026-02-24 17:29:40.505898,Marsabit-Health,Public Health,135.1,58.6,58.1,80.7,0.527
2026-02-24 18:29:40.505898,Marsabit-Health,Public Health,134.4,57.5,73.7,84.9,0.443
2026-02-24 19:29:40.505898,Marsabit-Health,Public Health,124.2,56.9,53.9,93.3,0.431
2026-02-24 20:29:40.505898,Marsabit-Health,Public Health,126.9,55.2,72.4,92.8,0.459
2026-02-24 21:29:40.505898,Marsabit-Health,Public Health,132.5,53.9,77.8,80.7,0.56
2026-02-24 22:29:40.505898,Marsabit-Health,Public Health,136.7,52.9,68.3,95.7,0.453
2026-02-24 23:29:40.505898,Marsabit-Health,Public Health,140.2,51.8,83.5,87.1,0.598
2026-02-25 00:29:40.505898,Marsabit-Health,Public Health,134.8,50.3,71.6,92.8,0.553
2026-02-25 01:29:40.505898,Marsabit-Health,Public Health,134.5,48.9,79.0,86.9,0.634
2026-02-25 02:29:40.505898,Marsabit-Health,Public Health,134.4,48.1,82.1,90.9,0.519
2026-02-25 03:29:40.505898,Marsabit-Health,Public Health,129.8,47.0,84.7,95.7,0.579
2026-02-25 04:29:40.505898,Marsabit-Health,Public Health,136.2,46.1,75.7,90.6,0.534
2026-02-25 05:29:40.505898,Marsabit-Health,Public Health,134.5,45.3,71.0,90.9,0.473
2026-02-25 06:29:40.505898,Marsabit-Health,Public Health,134.5,44.4,70.5,85.3,0.648
2026-02-25 07:29:40.505898,Marsabit-Health,Public Health,125.7,43.2,71.2,94.0,0.501
2026-02-25 08:29:40.505898,Marsabit-Health,Public Health,130.1,42.6,45.6,92.4,0.536
2026-02-25 09:29:40.505898,Marsabit-Health,Public Health,128.4,41.6,62.4,84.5,0.577
2026-02-25 10:29:40.505898,Marsabit-Health,Public Health,127.1,72.5,77.8,89.6,0.4
2026-02-25 11:29:40.505898,Marsabit-Health,Public Health,130.9,71.3,73.3,80.9,0.454
2026-02-25 12:29:40.505898,Marsabit-Health,Public Health,130.3,69.6,81.5,84.1,0.425
2026-02-25 13:29:40.505898,Marsabit-Health,Public Health,128.2,68.2,80.0,100.0,0.441
2026-02-25 14:29:40.505898,Marsabit-Health,Public Health,127.0,66.6,85.1,86.8,0.489
2026-02-25 15:29:40.505898,Marsabit-Health,Public Health,132.4,65.9,59.7,77.9,0.475
2026-02-25 16:29:40.505898,Marsabit-Health,Public Health,133.3,64.6,84.4,98.1,0.421
2026-02-25 17:29:40.505898,Marsabit-Health,Public Health,136.6,63.3,70.8,90.9,0.508
2026-02-25 18:29:40.505898,Marsabit-Health,Public Health,141.2,61.4,78.4,91.1,0.588
2026-02-25 19:29:40.505898,Marsabit-Health,Public Health,142.5,60.7,68.4,95.8,0.443
2026-02-25 20:29:40.505898,Marsabit-Health,Public Health,140.0,59.0,82.7,84.2,0.553
2026-02-25 21:29:40.505898,Marsabit-Health,Public Health,135.9,58.0,62.4,92.8,0.507
2026-02-25 22:29:40.505898,Marsabit-Health,Public Health,139.8,56.3,70.5,91.2,0.487
2026-02-25 23:29:40.505898,Marsabit-Health,Public Health,139.4,55.3,67.2,90.4,0.552
2026-02-26 00:29:40.505898,Marsabit-Health,Public Health,139.0,54.6,85.3,94.6,0.533
2026-02-26 01:29:40.505898,Marsabit-Health,Public Health,136.8,52.7,77.8,82.4,0.621
2026-02-26 02:29:40.505898,Marsabit-Health,Public Health,141.2,51.5,82.0,88.2,0.519
2026-02-26 03:29:40.505898,Marsabit-Health,Public Health,142.9,50.1,63.4,90.0,0.504
2026-02-26 04:29:40.505898,Marsabit-Health,Public Health,144.2,48.5,77.0,88.2,0.468
2026-02-26 05:29:40.505898,Marsabit-Health,Public Health,142.8,46.8,80.8,90.5,0.563
2026-02-26 06:29:40.505898,Marsabit-Health,Public Health,141.2,46.1,72.6,86.1,0.627
2026-02-26 07:29:40.505898,Marsabit-Health,Public Health,145.1,45.1,85.0,93.9,0.582
2026-02-26 08:29:40.505898,Marsabit-Health,Public Health,145.1,44.3,98.0,92.5,0.553
2026-02-26 09:29:40.505898,Marsabit-Health,Public Health,146.2,43.0,90.8,92.8,0.611
2026-02-26 10:29:40.505898,Marsabit-Health,Public Health,141.5,41.3,88.9,84.3,0.563
2026-02-26 11:29:40.505898,Marsabit-Health,Public Health,139.2,40.7,73.7,82.2,0.676
2026-02-26 12:29:40.505898,Marsabit-Health,Public Health,145.7,40.0,61.7,89.1,0.509
2026-02-26 13:29:40.505898,Marsabit-Health,Public Health,139.5,38.1,68.5,89.9,0.636
2026-02-26 14:29:40.505898,Marsabit-Health,Public Health,147.7,37.0,83.3,75.9,0.673
2026-02-26 15:29:40.505898,Marsabit-Health,Public Health,149.2,35.6,76.1,92.5,0.606
2026-02-26 16:29:40.505898,Marsabit-Health,Public Health,150.7,34.8,70.0,93.6,0.521
2026-02-26 17:29:40.505898,Marsabit-Health,Public Health,151.0,32.9,78.3,89.3,0.549
2026-02-26 18:29:40.505898,Marsabit-Health,Public Health,143.6,31.1,64.7,86.9,0.581
2026-02-26 19:29:40.505898,Marsabit-Health,Public Health,141.4,29.8,84.9,86.1,0.599
2026-02-26 20:29:40.505898,Marsabit-Health,Public Health,142.7,28.7,62.3,91.7,0.684
2026-02-26 21:29:40.505898,Marsabit-Health,Public Health,144.6,71.7,50.6,87.2,0.417
2026-02-26 22:29:40.505898,Marsabit-Health,Public Health,153.0,100.0,84.1,98.4,0.436
2026-02-26 23:29:40.505898,Marsabit-Health,Public Health,149.5,98.7,76.1,90.5,0.464
2026-02-27 00:29:40.505898,Marsabit-Health,Public Health,152.3,98.1,64.6,86.3,0.356
2026-02-27 01:29:40.505898,Marsabit-Health,Public Health,146.0,96.9,76.4,87.7,0.475
2026-02-27 02:29:40.505898,Marsabit-Health,Public Health,153.6,96.1,70.3,83.7,0.542
2026-02-27 03:29:40.505898,Marsabit-Health,Public Health,150.5,95.4,76.8,90.5,0.456
2026-02-27 04:29:40.505898,Marsabit-Health,Public Health,149.9,93.7,76.6,94.5,0.383
2026-02-27 05:29:40.505898,Marsabit-Health,Public Health,145.7,92.1,71.2,98.1,0.375
2026-02-27 06:29:40.505898,Marsabit-Health,Public Health,147.6,90.2,77.1,89.1,0.468
2026-02-27 07:29:40.505898,Marsabit-Health,Public Health,143.5,89.3,71.8,91.9,0.52
2026-02-27 08:29:40.505898,Marsabit-Health,Public Health,137.2,87.5,68.6,91.8,0.377
2026-02-27 09:29:40.505898,Marsabit-Health,Public Health,140.4,86.8,78.7,100.0,0.369
2026-02-27 10:29:40.505898,Marsabit-Health,Public Health,145.7,85.9,76.8,86.1,0.454
2026-02-27 11:29:40.505898,Marsabit-Health,Public Health,146.0,85.1,79.4,90.0,0.484
2026-02-27 12:29:40.505898,Marsabit-Health,Public Health,146.5,83.5,71.0,100.0,0.473
2026-02-27 13:29:40.505898,Marsabit-Health,Public Health,144.9,82.1,75.1,91.5,0.442
2026-02-27 14:29:40.505898,Marsabit-Health,Public Health,145.2,80.3,80.6,86.5,0.469
2026-02-27 15:29:40.505898,Marsabit-Health,Public Health,137.7,79.4,67.4,91.5,0.44
2026-02-27 16:29:40.505898,Marsabit-Health,Public Health,141.2,77.5,90.2,91.3,0.476
2026-02-27 17:29:40.505898,Marsabit-Health,Public Health,148.7,75.7,63.4,94.1,0.529
2026-02-27 18:29:40.505898,Marsabit-Health,Public Health,152.9,74.3,65.1,92.8,0.524
2026-02-27 19:29:40.505898,Marsabit-Health,Public Health,140.0,72.8,72.4,91.6,0.504
2026-02-27 20:29:40.505898,Marsabit-Health,Public Health,137.1,71.5,63.1,94.9,0.403
2026-02-27 21:29:40.505898,Marsabit-Health,Public Health,137.3,70.9,77.4,88.1,0.482
2026-02-27 22:29:40.505898,Marsabit-Health,Public Health,134.3,69.8,61.9,94.3,0.405
2026-02-27 23:29:40.505898,Marsabit-Health,Public Health,146.8,68.8,70.0,94.5,0.556
2026-02-28 00:29:40.505898,Marsabit-Health,Public Health,133.3,68.0,89.7,91.8,0.483
2026-02-28 01:29:40.505898,Marsabit-Health,Public Health,129.9,67.1,68.5,84.7,0.463
2026-02-28 02:29:40.505898,Marsabit-Health,Public Health,137.3,65.4,56.3,79.7,0.412
2026-02-28 03:29:40.505898,Marsabit-Health,Public Health,132.4,63.5,68.0,92.7,0.489
2026-02-28 04:29:40.505898,Marsabit-Health,Public Health,133.9,62.2,92.6,82.2,0.524
2026-02-28 05:29:40.505898,Marsabit-Health,Public Health,124.4,61.7,74.2,89.1,0.534
2026-02-28 06:29:40.505898,Marsabit-Health,Public Health,126.5,59.9,68.8,84.1,0.445
2026-02-28 07:29:40.505898,Marsabit-Health,Public Health,131.5,58.5,70.8,91.9,0.484
2026-02-28 08:29:40.505898,Marsabit-Health,Public Health,133.3,57.5,77.2,96.4,0.508
2026-02-28 09:29:40.505898,Marsabit-Health,Public Health,130.9,55.6,72.0,85.2,0.534
2026-02-28 10:29:40.505898,Marsabit-Health,Public Health,128.3,54.6,62.9,88.6,0.487
2026-02-28 11:29:40.505898,Marsabit-Health,Public Health,124.5,52.8,81.1,100.0,0.502
2026-02-28 12:29:40.505898,Marsabit-Health,Public Health,125.4,51.0,72.1,90.2,0.515
2026-02-28 13:29:40.505898,Marsabit-Health,Public Health,124.9,50.3,74.8,91.4,0.549
2026-02-28 14:29:40.505898,Marsabit-Health,Public Health,115.4,49.3,72.5,92.8,0.511
2026-02-28 15:29:40.505898,Marsabit-Health,Public Health,117.0,48.3,64.2,96.4,0.494
2026-02-28 16:29:40.505898,Marsabit-Health,Public Health,124.2,46.7,82.0,91.6,0.496
2026-02-28 17:29:40.505898,Marsabit-Health,Public Health,122.9,45.1,83.9,94.7,0.556
2026-02-28 18:29:40.505898,Marsabit-Health,Public Health,128.5,83.9,84.2,100.0,0.449
2026-02-28 19:29:40.505898,Marsabit-Health,Public Health,126.4,82.8,91.9,95.6,0.478
2026-02-28 20:29:40.505898,Marsabit-Health,Public Health,123.6,82.3,48.1,86.0,0.391
2026-02-28 21:29:40.505898,Marsabit-Health,Public Health,117.4,81.2,76.7,91.6,0.506
2026-02-28 22:29:40.505898,Marsabit-Health,Public Health,124.2,79.7,87.9,95.8,0.458
2026-02-28 23:29:40.505898,Marsabit-Health,Public Health,125.8,79.0,86.4,96.8,0.401
2026-03-01 00:29:40.505898,Marsabit-Health,Public Health,116.4,78.5,50.6,91.4,0.384
2026-03-01 01:29:40.505898,Marsabit-Health,Public Health,124.1,77.8,85.0,99.6,0.532
2026-03-01 02:29:40.505898,Marsabit-Health,Public Health,125.7,77.2,92.6,99.4,0.416
2026-03-01 03:29:40.505898,Marsabit-Health,Public Health,126.2,75.5,62.4,88.2,0.425
2026-03-01 04:29:40.505898,Marsabit-Health,Public Health,123.1,73.9,63.8,86.3,0.472
2026-03-01 05:29:40.505898,Marsabit-Health,Public Health,129.5,73.0,59.1,86.5,0.413
2026-03-01 06:29:40.505898,Marsabit-Health,Public Health,129.1,71.4,60.5,77.5,0.431
2026-03-01 07:29:40.505898,Marsabit-Health,Public Health,127.0,69.6,78.3,92.3,0.429
2026-03-01 08:29:40.505898,Marsabit-Health,Public Health,126.0,68.3,66.2,98.0,0.476
2026-03-01 09:29:40.505898,Marsabit-Health,Public Health,126.8,66.7,79.8,79.7,0.493
2026-03-01 10:29:40.505898,Marsabit-Health,Public Health,126.2,65.2,67.4,89.1,0.506
2026-03-01 11:29:40.505898,Marsabit-Health,Public Health,128.9,63.9,70.8,88.4,0.46
2026-03-01 12:29:40.505898,Marsabit-Health,Public Health,125.5,61.9,69.2,88.8,0.554
2026-03-01 13:29:40.505898,Marsabit-Health,Public Health,118.0,87.8,88.9,87.7,0.449
2026-03-01 14:29:40.505898,Marsabit-Health,Public Health,116.6,86.2,71.5,82.7,0.354
2026-03-01 15:29:40.505898,Marsabit-Health,Public Health,117.0,100.0,67.4,79.9,0.394
2026-03-01 16:29:40.505898,Marsabit-Health,Public Health,124.3,99.0,92.9,88.8,0.491
2026-03-01 17:29:40.505898,Marsabit-Health,Public Health,127.1,98.3,62.3,88.4,0.34
2026-03-01 18:29:40.505898,Marsabit-Health,Public Health,134.8,96.6,81.5,96.1,0.397
2026-03-01 19:29:40.505898,Marsabit-Health,Public Health,140.3,95.4,89.9,93.7,0.426
2026-03-01 20:29:40.505898,Marsabit-Health,Public Health,149.5,93.7,73.0,84.4,0.446
2026-03-01 21:29:40.505898,Marsabit-Health,Public Health,146.3,91.8,73.1,93.0,0.47
2026-03-01 22:29:40.505898,Marsabit-Health,Public Health,148.8,89.9,85.9,95.4,0.431
2026-03-01 23:29:40.505898,Marsabit-Health,Public Health,149.1,88.6,68.8,98.7,0.497
2026-03-02 00:29:40.505898,Marsabit-Health,Public Health,145.8,87.4,82.4,96.7,0.429
2026-03-02 01:29:40.505898,Marsabit-Health,Public Health,146.8,86.4,82.2,88.5,0.46
2026-03-02 02:29:40.505898,Marsabit-Health,Public Health,143.0,85.6,84.8,82.1,0.5
2026-03-02 03:29:40.505898,Marsabit-Health,Public Health,139.3,83.8,81.3,93.2,0.524
2026-03-02 04:29:40.505898,Marsabit-Health,Public Health,132.6,81.9,67.7,88.8,0.4
2026-03-02 05:29:40.505898,Marsabit-Health,Public Health,132.5,80.9,74.0,94.0,0.357
2026-03-02 06:29:40.505898,Marsabit-Health,Public Health,136.6,79.5,69.3,89.0,0.459
2026-03-02 07:29:40.505898,Marsabit-Health,Public Health,141.3,77.7,75.1,94.5,0.47
2026-03-02 08:29:40.505898,Marsabit-Health,Public Health,136.5,76.1,64.5,90.0,0.447
2026-03-02 09:29:40.505898,Marsabit-Health,Public Health,148.6,74.1,78.7,82.9,0.57
2026-03-02 10:29:40.505898,Marsabit-Health,Public Health,153.9,72.7,75.7,86.5,0.485
2026-03-02 11:29:40.505898,Marsabit-Health,Public Health,158.5,71.5,93.3,91.8,0.571
2026-03-02 12:29:40.505898,Marsabit-Health,Public Health,162.4,70.1,68.4,87.7,0.608
2026-03-02 13:29:40.505898,Marsabit-Health,Public Health,157.9,69.3,71.9,90.2,0.486
2026-03-02 14:29:40.505898,Marsabit-Health,Public Health,156.8,67.9,88.4,93.0,0.653
2026-03-02 15:29:40.505898,Marsabit-Health,Public Health,161.3,66.3,90.6,87.7,0.567
2026-03-02 16:29:40.505898,Marsabit-Health,Public Health,169.7,64.6,78.8,94.8,0.456
2026-03-02 17:29:40.505898,Marsabit-Health,Public Health,165.2,62.8,69.5,80.9,0.53
2026-03-02 18:29:40.505898,Marsabit-Health,Public Health,172.1,61.9,80.3,90.2,0.572
2026-03-02 19:29:40.505898,Marsabit-Health,Public Health,172.8,61.2,74.5,89.3,0.648
2026-03-02 20:29:40.505898,Marsabit-Health,Public Health,182.8,60.2,70.8,94.3,0.543
2026-03-02 21:29:40.505898,Marsabit-Health,Public Health,185.6,58.4,80.2,89.1,0.569
2026-03-02 22:29:40.505898,Marsabit-Health,Public Health,181.6,57.0,71.3,89.2,0.589
2026-03-02 23:29:40.505898,Marsabit-Health,Public Health,183.2,56.4,67.1,98.6,0.644
2026-03-03 00:29:40.505898,Marsabit-Health,Public Health,181.3,55.9,66.0,92.8,0.641
2026-03-03 01:29:40.505898,Marsabit-Health,Public Health,179.8,54.1,69.1,81.5,0.539
2026-03-03 02:29:40.505898,Marsabit-Health,Public Health,174.9,52.5,87.2,97.3,0.599
2026-03-03 03:29:40.505898,Marsabit-Health,Public Health,168.3,51.8,72.2,88.6,0.535
2026-03-03 04:29:40.505898,Marsabit-Health,Public Health,163.5,50.5,68.7,92.0,0.539
2026-03-03 05:29:40.505898,Marsabit-Health,Public Health,160.1,48.8,75.0,100.0,0.581
2026-03-03 06:29:40.505898,Marsabit-Health,Public Health,160.3,46.9,53.3,83.3,0.594
2026-03-03 07:29:40.505898,Marsabit-Health,Public Health,157.8,45.2,70.9,89.2,0.565
2026-03-03 08:29:40.505898,Marsabit-Health,Public Health,152.4,44.0,86.2,94.2,0.588
2026-03-03 09:29:40.505898,Marsabit-Health,Public Health,157.8,43.3,63.5,94.2,0.571
2026-03-03 10:29:40.505898,Marsabit-Health,Public Health,160.1,41.9,70.0,91.4,0.616
2026-03-03 11:29:40.505898,Marsabit-Health,Public Health,156.7,40.2,73.2,92.5,0.564
2026-03-03 12:29:40.505898,Marsabit-Health,Public Health,154.9,39.7,84.0,92.9,0.694
2026-03-03 13:29:40.505898,Marsabit-Health,Public Health,156.5,37.9,77.4,94.5,0.576
2026-03-03 14:29:40.505898,Marsabit-Health,Public Health,144.7,36.6,53.7,96.3,0.597
2026-03-03 15:29:40.505898,Marsabit-Health,Public Health,144.2,35.1,84.3,92.2,0.644
2026-03-03 16:29:40.505898,Marsabit-Health,Public Health,143.2,34.1,77.7,96.7,0.525
2026-03-03 17:29:40.505898,Marsabit-Health,Public Health,149.8,32.9,75.0,87.0,0.596
2026-03-03 18:29:40.505898,Marsabit-Health,Public Health,153.6,31.3,76.5,86.8,0.678
2026-03-03 19:29:40.505898,Marsabit-Health,Public Health,144.4,30.8,68.2,86.5,0.544
2026-03-03 20:29:40.505898,Marsabit-Health,Public Health,139.4,28.9,50.2,85.1,0.559
2026-03-03 21:29:40.505898,Marsabit-Health,Public Health,142.0,28.1,69.9,89.7,0.564
2026-03-03 22:29:40.505898,Marsabit-Health,Public Health,146.1,72.8,59.3,96.2,0.473
2026-03-03 23:29:40.505898,Marsabit-Health,Public Health,143.9,70.8,79.2,100.0,0.505
2026-03-04 00:29:40.505898,Marsabit-Health,Public Health,143.5,100.0,69.1,97.6,0.369
2026-03-04 01:29:40.505898,Marsabit-Health,Public Health,141.4,99.4,89.3,87.9,0.459
2026-03-04 02:29:40.505898,Marsabit-Health,Public Health,144.6,98.6,58.4,97.8,0.392
2026-03-04 03:29:40.505898,Marsabit-Health,Public Health,153.2,97.8,80.2,91.2,0.407
2026-03-04 04:29:40.505898,Marsabit-Health,Public Health,154.7,96.0,88.2,89.1,0.46
2026-03-04 05:29:40.505898,Marsabit-Health,Public Health,145.2,95.3,82.4,78.7,0.447
2026-03-04 06:29:40.505898,Marsabit-Health,Public Health,139.2,100.0,74.3,80.9,0.387
2026-03-04 07:29:40.505898,Marsabit-Health,Public Health,139.8,98.8,83.3,85.2,0.401
2026-03-04 08:29:40.505898,Marsabit-Health,Public Health,141.0,97.0,75.6,92.0,0.439
2026-03-04 09:29:40.505898,Marsabit-Health,Public Health,137.4,95.2,51.3,87.4,0.383
2026-03-04 10:29:40.505898,Marsabit-Health,Public Health,138.6,94.4,80.0,99.2,0.382
2026-03-04 11:29:40.505898,Marsabit-Health,Public Health,145.1,93.5,82.0,92.6,0.338
2026-03-04 12:29:40.505898,Marsabit-Health,Public Health,138.1,92.4,89.4,88.0,0.478
2026-03-04 13:29:40.505898,Marsabit-Health,Public Health,139.0,90.6,71.4,81.2,0.387
2026-03-04 14:29:40.505898,Marsabit-Health,Public Health,136.4,89.0,75.5,95.9,0.397
2026-03-04 15:29:40.505898,Marsabit-Health,Public Health,144.0,88.1,73.1,94.0,0.365
2026-03-04 16:29:40.505898,Marsabit-Health,Public Health,150.3,87.2,65.4,89.8,0.436
2026-03-04 17:29:40.505898,Marsabit-Health,Public Health,147.3,86.2,73.8,88.3,0.482
2026-03-04 18:29:40.505898,Marsabit-Health,Public Health,156.6,84.7,73.0,100.0,0.452
2026-03-04 19:29:40.505898,Marsabit-Health,Public Health,156.4,83.8,79.4,95.6,0.522
2026-03-04 20:29:40.505898,Marsabit-Health,Public Health,151.5,81.9,66.1,100.0,0.392
2026-03-04 21:29:40.505898,Marsabit-Health,Public Health,152.9,80.6,71.3,96.1,0.415
2026-03-04 22:29:40.505898,Marsabit-Health,Public Health,162.6,79.9,72.3,97.5,0.536
2026-03-04 23:29:40.505898,Marsabit-Health,Public Health,156.8,78.9,80.0,87.2,0.575
2026-03-05 00:29:40.505898,Marsabit-Health,Public Health,157.2,77.1,76.6,91.2,0.507
2026-03-05 01:29:40.505898,Marsabit-Health,Public Health,150.7,100.0,84.1,88.8,0.423
2026-03-05 02:29:40.505898,Marsabit-Health,Public Health,150.9,98.3,79.0,92.9,0.41
2026-03-05 03:29:40.505898,Marsabit-Health,Public Health,163.2,96.4,66.0,92.8,0.421
2026-03-05 04:29:40.505898,Marsabit-Health,Public Health,160.4,95.0,61.9,90.4,0.321
2026-03-05 05:29:40.505898,Marsabit-Health,Public Health,161.3,93.6,85.8,86.9,0.544
2026-03-05 06:29:40.505898,Marsabit-Health,Public Health,155.5,92.2,83.2,90.0,0.439
2026-03-05 07:29:40.505898,Marsabit-Health,Public Health,150.6,90.3,73.1,91.4,0.435
2026-03-05 08:29:40.505898,Marsabit-Health,Public Health,152.5,88.3,66.7,85.2,0.426
2026-03-05 09:29:40.505898,Marsabit-Health,Public Health,157.8,86.4,63.9,83.7,0.452
2026-03-05 10:29:40.505898,Marsabit-Health,Public Health,162.2,84.6,67.1,93.9,0.451
2026-03-05 11:29:40.505898,Marsabit-Health,Public Health,163.0,83.1,84.0,81.9,0.532
2026-03-05 12:29:40.505898,Marsabit-Health,Public Health,163.9,81.8,77.2,91.7,0.451
2026-03-05 13:29:40.505898,Marsabit-Health,Public Health,168.0,100.0,88.3,85.4,0.493
2026-03-05 14:29:40.505898,Marsabit-Health,Public Health,167.6,98.7,67.3,92.2,0.412
2026-03-05 15:29:40.505898,Marsabit-Health,Public Health,179.0,97.5,87.5,88.0,0.421
2026-03-05 16:29:40.505898,Marsabit-Health,Public Health,170.3,96.9,83.2,90.4,0.571
2026-03-05 17:29:40.505898,Marsabit-Health,Public Health,166.3,95.8,72.4,84.5,0.474
2026-03-05 18:29:40.505898,Marsabit-Health,Public Health,173.4,94.8,63.5,90.6,0.465
2026-03-05 19:29:40.505898,Marsabit-Health,Public Health,178.0,100.0,65.9,87.0,0.469
2026-03-05 20:29:40.505898,Marsabit-Health,Public Health,181.4,99.0,72.0,95.1,0.411
2026-03-05 21:29:40.505898,Marsabit-Health,Public Health,185.4,97.8,54.3,89.9,0.438
2026-03-05 22:29:40.505898,Marsabit-Health,Public Health,181.8,96.6,67.7,87.7,0.437
2026-03-05 23:29:40.505898,Marsabit-Health,Public Health,178.1,96.0,74.1,97.9,0.487
2026-03-06 00:29:40.505898,Marsabit-Health,Public Health,182.2,94.3,68.7,97.3,0.54
2026-03-06 01:29:40.505898,Marsabit-Health,Public Health,182.8,93.8,84.5,86.5,0.47
2026-03-06 02:29:40.505898,Marsabit-Health,Public Health,177.9,93.2,67.6,90.7,0.414
2026-03-06 03:29:40.505898,Marsabit-Health,Public Health,165.9,92.4,61.7,83.7,0.558
2026-03-06 04:29:40.505898,Marsabit-Health,Public Health,156.7,90.7,78.4,92.3,0.512
2026-03-06 05:29:40.505898,Marsabit-Health,Public Health,147.9,89.1,60.7,97.5,0.392
2026-03-06 06:29:40.505898,Marsabit-Health,Public Health,145.9,87.9,70.2,89.8,0.494
2026-03-06 07:29:40.505898,Marsabit-Health,Public Health,147.7,86.1,64.7,91.1,0.429
2026-03-06 08:29:40.505898,Marsabit-Health,Public Health,151.7,85.5,65.5,90.1,0.407
2026-03-06 09:29:40.505898,Marsabit-Health,Public Health,145.9,84.2,83.4,91.7,0.532
2026-03-06 10:29:40.505898,Marsabit-Health,Public Health,154.6,83.3,63.9,84.9,0.378
2026-03-06 11:29:40.505898,Marsabit-Health,Public Health,158.8,82.5,79.3,86.4,0.553
2026-03-06 12:29:40.505898,Marsabit-Health,Public Health,158.9,81.8,77.1,92.4,0.549
2026-03-06 13:29:40.505898,Marsabit-Health,Public Health,154.5,79.8,77.4,98.1,0.506
2026-03-06 14:29:40.505898,Marsabit-Health,Public Health,155.4,78.5,80.0,84.0,0.458
2026-03-06 15:29:40.505898,Marsabit-Health,Public Health,153.1,77.8,64.7,88.1,0.441
2026-03-06 16:29:40.505898,Marsabit-Health,Public Health,156.3,76.3,64.3,87.1,0.504
2026-03-06 17:29:40.505898,Marsabit-Health,Public Health,154.2,74.4,100.0,85.3,0.486
2026-03-06 18:29:40.505898,Marsabit-Health,Public Health,150.5,73.6,81.9,85.6,0.472
2026-03-06 19:29:40.505898,Marsabit-Health,Public Health,154.4,72.9,84.5,91.3,0.528
2026-03-06 20:29:40.505898,Marsabit-Health,Public Health,163.1,71.0,67.8,82.5,0.485
2026-03-06 21:29:40.505898,Marsabit-Health,Public Health,157.2,69.3,59.2,95.9,0.384
2026-03-06 22:29:40.505898,Marsabit-Health,Public Health,153.1,100.0,85.8,94.7,0.457
2026-03-06 23:29:40.505898,Marsabit-Health,Public Health,152.2,99.3,83.5,92.2,0.359
2026-03-07 00:29:40.505898,Marsabit-Health,Public Health,154.1,97.8,76.0,100.0,0.428
2026-03-07 01:29:40.505898,Marsabit-Health,Public Health,162.5,95.9,66.6,93.2,0.483
2026-03-07 02:29:40.505898,Marsabit-Health,Public Health,163.1,94.1,76.2,87.2,0.523
2026-03-07 03:29:40.505898,Marsabit-Health,Public Health,171.0,93.3,86.4,88.2,0.522
2026-03-07 04:29:40.505898,Marsabit-Health,Public Health,173.2,92.0,87.2,97.3,0.476
2026-03-07 05:29:40.505898,Marsabit-Health,Public Health,174.1,90.4,52.1,92.1,0.415
2026-03-07 06:29:40.505898,Marsabit-Health,Public Health,167.1,88.8,75.2,95.7,0.507
2026-03-07 07:29:40.505898,Marsabit-Health,Public Health,169.0,87.3,78.9,91.4,0.451
2026-03-07 08:29:40.505898,Marsabit-Health,Public Health,169.3,85.9,77.2,86.4,0.476
2026-03-07 09:29:40.505898,Marsabit-Health,Public Health,165.0,85.0,90.8,83.6,0.534
2026-03-07 10:29:40.505898,Marsabit-Health,Public Health,168.7,83.2,71.1,96.8,0.368
2026-03-07 11:29:40.505898,Marsabit-Health,Public Health,164.5,82.1,66.4,81.8,0.471
2026-03-07 12:29:40.505898,Marsabit-Health,Public Health,169.3,80.6,80.7,87.9,0.453
2026-03-07 13:29:40.505898,Marsabit-Health,Public Health,170.7,78.9,81.9,91.8,0.5
2026-03-07 14:29:40.505898,Marsabit-Health,Public Health,176.2,78.1,88.7,96.3,0.472
2026-03-07 15:29:40.505898,Marsabit-Health,Public Health,172.4,76.3,72.5,85.8,0.427
2026-03-07 16:29:40.505898,Marsabit-Health,Public Health,175.6,75.4,82.8,98.4,0.46
2026-03-07 17:29:40.505898,Marsabit-Health,Public Health,177.9,73.7,90.8,89.1,0.604
2026-03-07 18:29:40.505898,Marsabit-Health,Public Health,178.6,72.6,77.7,93.3,0.515
2026-03-07 19:29:40.505898,Marsabit-Health,Public Health,177.0,70.8,70.0,92.7,0.428
2026-03-07 20:29:40.505898,Marsabit-Health,Public Health,175.5,68.8,81.0,88.7,0.593
2026-03-07 21:29:40.505898,Marsabit-Health,Public Health,172.1,67.8,66.6,79.0,0.541
2026-03-07 22:29:40.505898,Marsabit-Health,Public Health,173.4,66.4,67.7,88.4,0.528
2026-03-07 23:29:40.505898,Marsabit-Health,Public Health,163.4,65.0,54.7,86.8,0.525
2026-03-08 00:29:40.505898,Marsabit-Health,Public Health,165.7,64.4,77.7,97.6,0.54
2026-03-08 01:29:40.505898,Marsabit-Health,Public Health,156.1,63.4,75.8,89.5,0.571
2026-03-08 02:29:40.505898,Marsabit-Health,Public Health,152.3,96.0,81.5,97.0,0.455
2026-03-08 03:29:40.505898,Marsabit-Health,Public Health,152.4,95.3,75.7,92.5,0.413
2026-03-08 04:29:40.505898,Marsabit-Health,Public Health,150.7,93.9,79.8,87.5,0.498
2026-03-08 05:29:40.505898,Marsabit-Health,Public Health,150.0,93.0,88.9,83.0,0.461
2026-03-08 06:29:40.505898,Marsabit-Health,Public Health,157.4,91.8,79.4,91.2,0.481
2026-03-08 07:29:40.505898,Marsabit-Health,Public Health,160.1,90.1,78.1,94.5,0.459
2026-03-08 08:29:40.505898,Marsabit-Health,Public Health,166.4,88.7,68.0,97.1,0.49
2026-03-08 09:29:40.505898,Marsabit-Health,Public Health,163.9,87.3,76.8,90.7,0.512
2026-03-08 10:29:40.505898,Marsabit-Health,Public Health,154.7,85.6,72.5,93.8,0.454
2026-03-08 11:29:40.505898,Marsabit-Health,Public Health,151.2,84.4,70.0,92.1,0.47
2026-03-08 12:29:40.505898,Marsabit-Health,Public Health,154.7,83.4,58.0,88.3,0.402
2026-03-08 13:29:40.505898,Marsabit-Health,Public Health,165.0,81.9,77.9,90.0,0.468
2026-03-08 14:29:40.505898,Marsabit-Health,Public Health,168.0,80.2,72.1,88.2,0.495
2026-03-08 15:29:40.505898,Marsabit-Health,Public Health,166.1,78.6,67.7,94.2,0.425
2026-03-08 16:29:40.505898,Marsabit-Health,Public Health,164.5,76.8,94.3,83.9,0.493
2026-03-08 17:29:40.505898,Marsabit-Health,Public Health,173.2,76.1,87.3,86.0,0.605
2026-03-08 18:29:40.505898,Marsabit-Health,Public Health,176.3,74.4,91.4,88.1,0.597
2026-03-08 19:29:40.505898,Marsabit-Health,Public Health,180.2,73.0,66.5,79.4,0.541
2026-03-08 20:29:40.505898,Marsabit-Health,Public Health,180.5,72.3,61.6,86.6,0.496
2026-03-08 21:29:40.505898,Marsabit-Health,Public Health,173.7,71.3,78.5,95.8,0.582
2026-03-08 22:29:40.505898,Marsabit-Health,Public Health,163.1,70.2,68.7,98.7,0.523
2026-03-08 23:29:40.505898,Marsabit-Health,Public Health,169.2,68.4,82.8,90.5,0.487
2026-03-09 00:29:40.505898,Marsabit-Health,Public Health,166.5,66.6,69.2,90.8,0.549
2026-03-09 01:29:40.505898,Marsabit-Health,Public Health,174.6,65.1,67.5,100.0,0.532
2026-03-09 02:29:40.505898,Marsabit-Health,Public Health,175.9,63.7,97.0,93.2,0.569
2026-03-09 03:29:40.505898,Marsabit-Health,Public Health,176.4,63.0,69.5,91.8,0.473
2026-03-09 04:29:40.505898,Marsabit-Health,Public Health,184.8,61.8,68.6,92.6,0.636
2026-03-09 05:29:40.505898,Marsabit-Health,Public Health,172.1,60.2,80.8,96.7,0.602
2026-03-09 06:29:40.505898,Marsabit-Health,Public Health,175.6,59.5,77.0,89.4,0.634
2026-03-09 07:29:40.505898,Marsabit-Health,Public Health,171.6,58.5,64.3,92.9,0.481
2026-03-09 08:29:40.505898,Marsabit-Health,Public Health,175.4,57.4,78.2,91.8,0.606
2026-03-09 09:29:40.505898,Marsabit-Health,Public Health,168.2,56.7,68.1,84.8,0.512
2026-03-09 10:29:40.505898,Marsabit-Health,Public Health,169.3,100.0,75.2,95.0,0.432
2026-03-09 11:29:40.505898,Marsabit-Health,Public Health,170.7,99.3,79.2,90.8,0.487
2026-03-09 12:29:40.505898,Marsabit-Health,Public Health,174.0,97.8,74.8,93.4,0.448
2026-03-09 13:29:40.505898,Marsabit-Health,Public Health,170.4,97.1,76.3,91.0,0.454
2026-03-09 14:29:40.505898,Marsabit-Health,Public Health,158.6,96.0,67.3,86.9,0.468
2026-03-09 15:29:40.505898,Marsabit-Health,Public Health,147.0,94.2,79.9,92.0,0.513
2026-03-09 16:29:40.505898,Marsabit-Health,Public Health,148.7,92.6,62.3,83.7,0.39
2026-03-09 17:29:40.505898,Marsabit-Health,Public Health,147.7,100.0,63.9,95.3,0.372
2026-03-09 18:29:40.505898,Marsabit-Health,Public Health,148.4,98.5,95.4,87.4,0.506
2026-03-09 19:29:40.505898,Marsabit-Health,Public Health,142.3,96.7,78.7,92.3,0.4
2026-03-09 20:29:40.505898,Marsabit-Health,Public Health,143.0,96.1,68.7,86.9,0.425
2026-03-09 21:29:40.505898,Marsabit-Health,Public Health,147.1,95.6,76.6,93.2,0.408
2026-03-09 22:29:40.505898,Marsabit-Health,Public Health,148.6,95.1,56.8,92.5,0.418
2026-03-09 23:29:40.505898,Marsabit-Health,Public Health,137.8,94.4,85.8,95.7,0.396
2026-03-10 00:29:40.505898,Marsabit-Health,Public Health,139.9,92.8,72.0,90.6,0.468
2026-03-10 01:29:40.505898,Marsabit-Health,Public Health,138.2,91.1,76.1,90.1,0.448
2026-03-10 02:29:40.505898,Marsabit-Health,Public Health,139.3,90.0,70.2,88.8,0.383
2026-03-10 03:29:40.505898,Marsabit-Health,Public Health,141.9,88.6,73.3,88.9,0.497
2026-03-10 04:29:40.505898,Marsabit-Health,Public Health,146.0,87.9,66.9,89.0,0.459
2026-03-10 05:29:40.505898,Marsabit-Health,Public Health,153.0,87.2,73.9,89.2,0.502
2026-03-10 06:29:40.505898,Marsabit-Health,Public Health,156.0,86.3,76.9,91.8,0.38
2026-03-10 07:29:40.505898,Marsabit-Health,Public Health,154.1,85.8,91.2,85.6,0.526
2026-03-10 08:29:40.505898,Marsabit-Health,Public Health,156.2,84.2,75.7,92.8,0.473
2026-03-10 09:29:40.505898,Marsabit-Health,Public Health,153.6,82.4,82.9,95.2,0.431
2026-03-10 10:29:40.505898,Marsabit-Health,Public Health,146.8,81.2,76.8,95.0,0.455
2026-03-10 11:29:40.505898,Marsabit-Health,Public Health,153.2,80.3,65.6,85.0,0.38
2026-03-10 12:29:40.505898,Marsabit-Health,Public Health,149.0,79.8,88.0,87.2,0.597
2026-03-10 13:29:40.505898,Marsabit-Health,Public Health,142.2,78.6,84.6,91.2,0.58
2026-03-10 14:29:40.505898,Marsabit-Health,Public Health,140.6,78.1,79.8,86.4,0.491
2026-03-10 15:29:40.505898,Marsabit-Health,Public Health,139.8,76.4,60.4,94.7,0.427
2026-03-10 16:29:40.505898,Marsabit-Health,Public Health,134.1,75.1,66.9,92.4,0.437
2026-03-10 17:29:40.505898,Marsabit-Health,Public Health,125.1,74.4,74.2,88.7,0.541
2026-03-10 18:29:40.505898,Marsabit-Health,Public Health,119.4,73.0,90.4,95.4,0.413
2026-03-10 19:29:40.505898,Marsabit-Health,Public Health,116.6,71.7,80.4,87.7,0.415
2026-03-10 20:29:40.505898,Marsabit-Health,Public Health,124.8,70.9,85.1,94.4,0.436
2026-03-10 21:29:40.505898,Marsabit-Health,Public Health,136.6,69.1,76.3,98.0,0.445
2026-03-10 22:29:40.505898,Marsabit-Health,Public Health,136.5,68.3,79.4,95.8,0.371
2026-03-10 23:29:40.505898,Marsabit-Health,Public Health,133.6,66.4,79.1,90.7,0.451
2026-03-11 00:29:40.505898,Marsabit-Health,Public Health,140.0,65.2,67.8,94.3,0.479
2026-03-11 01:29:40.505898,Marsabit-Health,Public Health,135.4,63.4,86.9,88.9,0.558
2026-03-11 02:29:40.505898,Marsabit-Health,Public Health,142.2,62.5,100.0,89.5,0.574
2026-03-11 03:29:40.505898,Marsabit-Health,Public Health,136.1,61.5,69.7,91.5,0.48
2026-03-11 04:29:40.505898,Marsabit-Health,Public Health,130.4,60.6,84.8,89.5,0.62
2026-03-11 05:29:40.505898,Marsabit-Health,Public Health,127.9,60.0,80.9,87.6,0.486
2026-03-11 06:29:40.505898,Marsabit-Health,Public Health,129.8,59.0,69.2,93.3,0.476
2026-03-11 07:29:40.505898,Marsabit-Health,Public Health,120.6,58.0,95.7,91.1,0.583
2026-03-11 08:29:40.505898,Marsabit-Health,Public Health,122.0,57.1,61.7,88.3,0.529
2026-03-11 09:29:40.505898,Marsabit-Health,Public Health,137.5,56.4,66.1,98.9,0.456
2026-03-11 10:29:40.505898,Marsabit-Health,Public Health,135.9,55.1,79.6,94.7,0.59
2026-03-11 11:29:40.505898,Marsabit-Health,Public Health,130.0,53.4,79.6,95.1,0.499
2026-03-11 12:29:40.505898,Marsabit-Health,Public Health,129.3,51.7,72.2,93.6,0.51
2026-03-11 13:29:40.505898,Marsabit-Health,Public Health,133.4,50.9,72.7,100.0,0.499
