timestamp,location,sector,fleet_availability,fuel_reserves,route_disruption_index,maintenance_backlog,threat_score
2026-02-18 18:29:40.553560,Nairobi-Transport,Transport & Logistics,148.8,100.0,78.0,94.5,0.371
2026-02-18 19:29:40.553560,Nairobi-Transport,Transport & Logistics,150.6,99.0,76.5,91.9,0.41
2026-02-18 20:29:40.553560,Nairobi-Transport,Transport & Logistics,146.9,98.5,70.3,84.2,0.308
2026-02-18 21:29:40.553560,Nairobi-Transport,Transport & Logistics,146.1,96.5,74.1,88.9,0.4
2026-02-18 22:29:40.553560,Nairobi-Transport,Transport & Logistics,147.8,95.2,84.7,87.8,0.525
2026-02-18 23:29:40.553560,Nairobi-Transport,Transport & Logistics,147.3,94.3,72.0,95.3,0.364
2026-02-19 00:29:40.553560,Nairobi-Transport,Transport & Logistics,148.2,93.4,70.0,94.6,0.472
2026-02-19 01:29:40.553560,Nairobi-Transport,Transport & Logistics,151.7,92.0,65.4,81.2,0.497
2026-02-19 02:29:40.553560,Nairobi-Transport,Transport & Logistics,157.6,91.3,63.2,91.7,0.399
2026-02-19 03:29:40.553560,Nairobi-Transport,Transport & Logistics,153.9,90.3,74.6,88.4,0.449
2026-02-19 04:29:40.553560,Nairobi-Transport,Transport & Logistics,156.6,100.0,66.5,85.9,0.329
2026-02-19 05:29:40.553560,Nairobi-Transport,Transport & Logistics,152.2,98.7,79.9,99.8,0.384
2026-02-19 06:29:40.553560,Nairobi-Transport,Transport & Logistics,142.4,97.2,65.5,91.5,0.363
2026-02-19 07:29:40.553560,Nairobi-Transport,Transport & Logistics,138.8,96.2,85.8,93.1,0.363
2026-02-19 08:29:40.553560,Nairobi-Transport,Transport & Logistics,142.0,95.4,66.7,86.2,0.496
2026-02-19 09:29:40.553560,Nairobi-Transport,Transport & Logistics,137.0,94.0,92.9,84.2,0.437
2026-02-19 10:29:40.553560,Nairobi-Transport,Transport & Logistics,137.9,92.4,86.4,81.6,0.476
2026-02-19 11:29:40.553560,Nairobi-Transport,Transport & Logistics,137.5,90.7,76.1,84.3,0.414
2026-02-19 12:29:40.553560,Nairobi-Transport,Transport & Logistics,133.6,88.7,80.7,97.9,0.401
2026-02-19 13:29:40.553560,Nairobi-Transport,Transport & Logistics,127.8,88.1,47.4,85.2,0.322
2026-02-19 14:29:40.553560,Nairobi-Transport,Transport & Logistics,118.3,87.2,79.8,82.9,0.359
2026-02-19 15:29:40.553560,Nairobi-Transport,Transport & Logistics,119.6,100.0,98.5,86.7,0.421
2026-02-19 16:29:40.553560,Nairobi-Transport,Transport & Logistics,128.7,98.0,80.4,83.9,0.428
2026-02-19 17:29:40.553560,Nairobi-Transport,Transport & Logistics,127.9,97.3,71.0,93.4,0.338
2026-02-19 18:29:40.553560,Nairobi-Transport,Transport & Logistics,127.3,95.9,80.0,87.3,0.383
2026-02-19 19:29:40.553560,Nairobi-Transport,Transport & Logistics,120.1,94.6,89.4,80.1,0.381
2026-02-19 20:29:40.553560,Nairobi-Transport,Transport & Logistics,125.9,93.0,39.3,85.0,0.272
2026-02-19 21:29:40.553560,Nairobi-Transport,Transport & Logistics,128.6,91.7,58.6,91.6,0.322
2026-02-19 22:29:40.553560,Nairobi-Transport,Transport & Logistics,132.2,90.2,77.4,87.8,0.461
2026-02-19 23:29:40.553560,Nairobi-Transport,Transport & Logistics,135.9,88.6,71.4,88.1,0.395
2026-02-20 00:29:40.553560,Nairobi-Transport,Transport & Logistics,136.0,87.6,76.2,90.1,0.327
2026-02-20 01:29:40.553560,Nairobi-Transport,Transport & Logistics,124.6,86.2,71.3,85.6,0.425
2026-02-20 02:29:40.553560,Nairobi-Transport,Transport & Logistics,129.2,85.5,83.4,96.1,0.409
2026-02-20 03:29:40.553560,Nairobi-Transport,Transport & Logistics,137.1,84.5,92.0,96.9,0.468
2026-02-20 04:29:40.553560,Nairobi-Transport,Transport & Logistics,138.8,83.0,80.1,88.3,0.476
2026-02-20 05:29:40.553560,Nairobi-Transport,Transport & Logistics,139.6,81.4,42.8,89.3,0.378
2026-02-20 06:29:40.553560,Nairobi-Transport,Transport & Logistics,137.7,79.7,55.1,95.0,0.388
2026-02-20 07:29:40.553560,Nairobi-Transport,Transport & Logistics,132.8,100.0,67.2,95.8,0.306
2026-02-20 08:29:40.553560,Nairobi-Transport,Transport & Logistics,141.9,98.7,72.0,91.6,0.327
2026-02-20 09:29:40.553560,Nairobi-Transport,Transport & Logistics,143.5,97.3,73.2,89.8,0.355
2026-02-20 10:29:40.553560,Nairobi-Transport,Transport & Logistics,147.5,95.9,81.8,96.2,0.413
2026-02-20 11:29:40.553560,Nairobi-Transport,Transport & Logistics,141.0,94.9,69.4,85.2,0.452
2026-02-20 12:29:40.553560,Nairobi-Transport,Transport & Logistics,141.8,93.0,72.1,88.9,0.342
2026-02-20 13:29:40.553560,Nairobi-Transport,Transport & Logistics,139.7,92.0,91.1,89.1,0.455
2026-02-20 14:29:40.553560,Nairobi-Transport,Transport & Logistics,143.1,90.3,96.6,82.2,0.462
2026-02-20 15:29:40.553560,Nairobi-Transport,Transport & Logistics,137.7,89.3,64.6,84.5,0.394
2026-02-20 16:29:40.553560,Nairobi-Transport,Transport & Logistics,138.3,87.3,79.4,90.1,0.399
2026-02-20 17:29:40.553560,Nairobi-Transport,Transport & Logistics,143.0,86.8,74.0,86.4,0.489
2026-02-20 18:29:40.553560,Nairobi-Transport,Transport & Logistics,143.7,84.9,72.9,86.1,0.453
2026-02-20 19:29:40.553560,Nairobi-Transport,Transport & Logistics,144.4,100.0,74.3,89.9,0.316
2026-02-20 20:29:40.553560,Nairobi-Transport,Transport & Logistics,144.1,99.1,50.1,79.5,0.365
2026-02-20 21:29:40.553560,Nairobi-Transport,Transport & Logistics,150.2,97.2,53.7,93.4,0.345
2026-02-20 22:29:40.553560,Nairobi-Transport,Transport & Logistics,144.2,96.1,72.5,86.0,0.376
2026-02-20 23:29:40.553560,Nairobi-Transport,Transport & Logistics,147.2,95.3,71.6,100.0,0.364
2026-02-21 00:29:40.553560,Nairobi-Transport,Transport & Logistics,144.8,94.6,77.4,91.5,0.281
2026-02-21 01:29:40.553560,Nairobi-Transport,Transport & Logistics,141.5,92.6,76.6,81.9,0.397
2026-02-21 02:29:40.553560,Nairobi-Transport,Transport & Logistics,147.2,91.1,82.1,80.3,0.338
2026-02-21 03:29:40.553560,Nairobi-Transport,Transport & Logistics,143.8,90.3,94.6,81.6,0.439
2026-02-21 04:29:40.553560,Nairobi-Transport,Transport & Logistics,142.2,88.3,75.7,89.3,0.368
2026-02-21 05:29:40.553560,Nairobi-Transport,Transport & Logistics,139.9,86.6,92.9,89.6,0.374
2026-02-21 06:29:40.553560,Nairobi-Transport,Transport & Logistics,141.1,85.4,84.9,93.1,0.371
2026-02-21 07:29:40.553560,Nairobi-Transport,Transport & Logistics,135.2,84.0,74.9,92.6,0.423
2026-02-21 08:29:40.553560,Nairobi-Transport,Transport & Logistics,134.3,83.0,81.2,96.0,0.388
2026-02-21 09:29:40.553560,Nairobi-Transport,Transport & Logistics,142.5,81.9,59.8,83.5,0.45
2026-02-21 10:29:40.553560,Nairobi-Transport,Transport & Logistics,139.9,81.0,77.0,96.0,0.395
2026-02-21 11:29:40.553560,Nairobi-Transport,Transport & Logistics,138.3,80.1,59.6,90.1,0.391
2026-02-21 12:29:40.553560,Nairobi-Transport,Transport & Logistics,141.6,79.0,58.1,82.4,0.496
2026-02-21 13:29:40.553560,Nairobi-Transport,Transport & Logistics,143.9,77.0,64.6,92.3,0.437
2026-02-21 14:29:40.553560,Nairobi-Transport,Transport & Logistics,141.3,76.4,83.7,89.8,0.485
2026-02-21 15:29:40.553560,Nairobi-Transport,Transport & Logistics,143.2,75.3,81.2,82.9,0.467
2026-02-21 16:29:40.553560,Nairobi-Transport,Transport & Logistics,139.3,73.3,74.0,93.0,0.434
2026-02-21 17:29:40.553560,Nairobi-Transport,Transport & Logistics,146.2,72.6,62.4,99.7,0.437
2026-02-21 18:29:40.553560,Nairobi-Transport,Transport & Logistics,149.4,70.7,77.9,91.4,0.465
2026-02-21 19:29:40.553560,Nairobi-Transport,Transport & Logistics,145.8,69.1,90.8,90.0,0.464
2026-02-21 20:29:40.553560,Nairobi-Transport,Transport & Logistics,144.5,67.3,86.4,84.2,0.547
2026-02-21 21:29:40.553560,Nairobi-Transport,Transport & Logistics,137.8,66.5,84.8,87.7,0.548
2026-02-21 22:29:40.553560,Nairobi-Transport,Transport & Logistics,134.3,100.0,74.8,93.6,0.28
2026-02-21 23:29:40.553560,Nairobi-Transport,Transport & Logistics,130.5,99.1,100.0,96.2,0.421
2026-02-22 00:29:40.553560,Nairobi-Transport,Transport & Logistics,133.4,98.5,54.4,86.2,0.307
2026-02-22 01:29:40.553560,Nairobi-Transport,Transport & Logistics,137.0,97.5,85.7,92.5,0.391
2026-02-22 02:29:40.553560,Nairobi-Transport,Transport & Logistics,135.7,95.6,74.2,87.9,0.467
2026-02-22 03:29:40.553560,Nairobi-Transport,Transport & Logistics,138.7,94.2,64.0,86.4,0.422
2026-02-22 04:29:40.553560,Nairobi-Transport,Transport & Logistics,139.7,93.7,65.9,84.3,0.347
2026-02-22 05:29:40.553560,Nairobi-Transport,Transport & Logistics,140.6,92.2,78.5,100.0,0.428
2026-02-22 06:29:40.553560,Nairobi-Transport,Transport & Logistics,146.7,90.4,87.4,89.3,0.424
2026-02-22 07:29:40.553560,Nairobi-Transport,Transport & Logistics,146.1,88.9,74.2,86.4,0.355
2026-02-22 08:29:40.553560,Nairobi-Transport,Transport & Logistics,145.2,100.0,83.9,80.3,0.401
2026-02-22 09:29:40.553560,Nairobi-Transport,Transport & Logistics,143.7,100.0,75.3,93.0,0.411
2026-02-22 10:29:40.553560,Nairobi-Transport,Transport & Logistics,139.9,98.2,66.8,84.8,0.373
2026-02-22 11:29:40.553560,Nairobi-Transport,Transport & Logistics,133.1,96.9,60.9,88.6,0.277
2026-02-22 12:29:40.553560,Nairobi-Transport,Transport & Logistics,128.3,95.7,70.5,92.8,0.333
2026-02-22 13:29:40.553560,Nairobi-Transport,Transport & Logistics,133.5,93.8,74.4,94.9,0.324
2026-02-22 14:29:40.553560,Nairobi-Transport,Transport & Logistics,128.1,92.7,75.4,91.5,0.404
2026-02-22 15:29:40.553560,Nairobi-Transport,Transport & Logistics,131.9,91.3,81.6,94.9,0.293
2026-02-22 16:29:40.553560,Nairobi-Transport,Transport & Logistics,143.0,89.5,90.9,92.6,0.474
2026-02-22 17:29:40.553560,Nairobi-Transport,Transport & Logistics,133.5,87.8,100.0,86.6,0.527
2026-02-22 18:29:40.553560,Nairobi-Transport,Transport & Logistics,132.9,86.3,70.8,85.8,0.36
2026-02-22 19:29:40.553560,Nairobi-Transport,Transport & Logistics,128.7,84.8,79.7,86.2,0.468
2026-02-22 20:29:40.553560,Nairobi-Transport,Transport & Logistics,127.3,83.3,71.2,91.8,0.455
2026-02-22 21:29:40.553560,Nairobi-Transport,Transport & Logistics,130.4,81.3,71.1,94.3,0.421
2026-02-22 22:29:40.553560,Nairobi-Transport,Transport & Logistics,133.3,80.3,88.6,97.4,0.484
2026-02-22 23:29:40.553560,Nairobi-Transport,Transport & Logistics,138.6,79.5,80.0,93.5,0.437
2026-02-23 00:29:40.553560,Nairobi-Transport,Transport & Logistics,141.4,78.9,72.0,93.0,0.484
2026-02-23 01:29:40.553560,Nairobi-Transport,Transport & Logistics,142.9,78.3,72.1,82.0,0.413
2026-02-23 02:29:40.553560,Nairobi-Transport,Transport & Logistics,145.4,77.0,72.0,97.0,0.474
2026-02-23 03:29:40.553560,Nairobi-Transport,Transport & Logistics,142.3,75.1,98.9,88.3,0.557
2026-02-23 04:29:40.553560,Nairobi-Transport,Transport & Logistics,140.7,74.1,74.0,85.5,0.443
2026-02-23 05:29:40.553560,Nairobi-Transport,Transport & Logistics,136.3,72.4,61.5,88.1,0.319
2026-02-23 06:29:40.553560,Nairobi-Transport,Transport & Logistics,124.0,70.8,75.1,92.8,0.434
2026-02-23 07:29:40.553560,Nairobi-Transport,Transport & Logistics,128.9,68.8,75.7,90.6,0.523
2026-02-23 08:29:40.553560,Nairobi-Transport,Transport & Logistics,121.9,67.3,58.5,94.8,0.442
2026-02-23 09:29:40.553560,Nairobi-Transport,Transport & Logistics,123.3,66.0,76.9,92.0,0.468
2026-02-23 10:29:40.553560,Nairobi-Transport,Transport & Logistics,118.1,64.8,57.6,88.6,0.424
2026-02-23 11:29:40.553560,Nairobi-Transport,Transport & Logistics,109.1,64.1,59.3,96.3,0.403
2026-02-23 12:29:40.553560,Nairobi-Transport,Transport & Logistics,119.8,63.1,76.2,83.3,0.485
2026-02-23 13:29:40.553560,Nairobi-Transport,Transport & Logistics,121.6,62.4,88.5,86.5,0.541
2026-02-23 14:29:40.553560,Nairobi-Transport,Transport & Logistics,126.2,61.3,73.1,92.8,0.477
2026-02-23 15:29:40.553560,Nairobi-Transport,Transport & Logistics,116.6,59.4,89.8,92.8,0.518
2026-02-23 16:29:40.553560,Nairobi-Transport,Transport & Logistics,117.3,58.2,59.4,85.8,0.459
2026-02-23 17:29:40.553560,Nairobi-Transport,Transport & Logistics,115.9,57.6,63.8,94.7,0.449
2026-02-23 18:29:40.553560,Nairobi-Transport,Transport & Logistics,120.0,56.2,79.1,95.6,0.518
2026-02-23 19:29:40.553560,Nairobi-Transport,Transport & Logistics,111.7,54.6,56.0,86.9,0.411
2026-02-23 20:29:40.553560,Nairobi-Transport,Transport & Logistics,103.3,52.7,72.1,93.9,0.467
2026-02-23 21:29:40.553560,Nairobi-Transport,Transport & Logistics,102.0,52.1,69.4,92.1,0.376
2026-02-23 22:29:40.553560,Nairobi-Transport,Transport & Logistics,103.7,51.4,94.0,96.4,0.48
2026-02-23 23:29:40.553560,Nairobi-Transport,Transport & Logistics,103.4,49.5,71.3,86.4,0.434
2026-02-24 00:29:40.553560,Nairobi-Transport,Transport & Logistics,103.1,48.3,81.7,86.8,0.473
2026-02-24 01:29:40.553560,Nairobi-Transport,Transport & Logistics,102.9,47.1,74.4,98.2,0.47
2026-02-24 02:29:40.553560,Nairobi-Transport,Transport & Logistics,104.9,46.4,79.6,99.8,0.399
2026-02-24 03:29:40.553560,Nairobi-Transport,Transport & Logistics,112.2,45.0,67.2,85.6,0.486
2026-02-24 04:29:40.553560,Nairobi-Transport,Transport & Logistics,114.5,44.0,66.5,90.6,0.482
2026-02-24 05:29:40.553560,Nairobi-Transport,Transport & Logistics,107.3,43.2,65.8,89.3,0.482
2026-02-24 06:29:40.553560,Nairobi-Transport,Transport & Logistics,108.6,41.3,76.4,96.1,0.42
2026-02-24 07:29:40.553560,Nairobi-Transport,Transport & Logistics,102.0,40.3,73.6,84.9,0.513
2026-02-24 08:29:40.553560,Nairobi-Transport,Transport & Logistics,103.8,38.7,83.6,100.0,0.583
2026-02-24 09:29:40.553560,Nairobi-Transport,Transport & Logistics,106.0,36.9,66.8,96.6,0.53
2026-02-24 10:29:40.553560,Nairobi-Transport,Transport & Logistics,106.7,35.8,66.5,86.7,0.513
2026-02-24 11:29:40.553560,Nairobi-Transport,Transport & Logistics,109.7,34.7,79.9,91.5,0.592
2026-02-24 12:29:40.553560,Nairobi-Transport,Transport & Logistics,108.1,33.5,78.9,93.2,0.484
2026-02-24 13:29:40.553560,Nairobi-Transport,Transport & Logistics,108.2,32.9,91.0,88.6,0.486
2026-02-24 14:29:40.553560,Nairobi-Transport,Transport & Logistics,110.2,31.3,75.7,97.0,0.542
2026-02-24 15:29:40.553560,Nairobi-Transport,Transport & Logistics,103.1,29.4,67.6,82.7,0.467
2026-02-24 16:29:40.553560,Nairobi-Transport,Transport & Logistics,105.8,27.5,72.1,88.0,0.542
2026-02-24 17:29:40.553560,Nairobi-Transport,Transport & Logistics,109.7,61.2,77.2,90.8,0.534
2026-02-24 18:29:40.553560,Nairobi-Transport,Transport & Logistics,114.2,59.2,66.8,88.3,0.445
2026-02-24 19:29:40.553560,Nairobi-Transport,Transport & Logistics,119.5,57.5,72.5,84.7,0.422
2026-02-24 20:29:40.553560,Nairobi-Transport,Transport & Logistics,116.4,83.4,84.8,81.3,0.386
2026-02-24 21:29:40.553560,Nairobi-Transport,Transport & Logistics,119.6,81.9,83.2,87.7,0.426
2026-02-24 22:29:40.553560,Nairobi-Transport,Transport & Logistics,116.6,80.4,84.1,95.5,0.401
2026-02-24 23:29:40.553560,Nairobi-Transport,Transport & Logistics,116.6,78.8,74.2,89.8,0.408
2026-02-25 00:29:40.553560,Nairobi-Transport,Transport & Logistics,112.7,77.5,95.3,96.9,0.506
2026-02-25 01:29:40.553560,Nairobi-Transport,Transport & Logistics,116.7,76.8,61.6,83.4,0.444
2026-02-25 02:29:40.553560,Nairobi-Transport,Transport & Logistics,110.5,75.8,75.5,90.6,0.322
2026-02-25 03:29:40.553560,Nairobi-Transport,Transport & Logistics,109.2,74.1,83.3,84.3,0.375
2026-02-25 04:29:40.553560,Nairobi-Transport,Transport & Logistics,114.3,72.7,63.7,98.4,0.329
2026-02-25 05:29:40.553560,Nairobi-Transport,Transport & Logistics,114.5,71.3,55.2,87.4,0.386
2026-02-25 06:29:40.553560,Nairobi-Transport,Transport & Logistics,119.1,69.8,95.3,81.3,0.513
2026-02-25 07:29:40.553560,Nairobi-Transport,Transport & Logistics,122.9,68.4,83.9,88.3,0.373
2026-02-25 08:29:40.553560,Nairobi-Transport,Transport & Logistics,116.6,66.9,68.1,91.5,0.451
2026-02-25 09:29:40.553560,Nairobi-Transport,Transport & Logistics,119.7,66.2,78.4,86.6,0.435
2026-02-25 10:29:40.553560,Nairobi-Transport,Transport & Logistics,115.2,65.4,88.1,91.2,0.506
2026-02-25 11:29:40.553560,Nairobi-Transport,Transport & Logistics,122.8,64.8,73.8,90.4,0.481
2026-02-25 12:29:40.553560,Nairobi-Transport,Transport & Logistics,134.6,94.5,63.3,85.1,0.38
2026-02-25 13:29:40.553560,Nairobi-Transport,Transport & Logistics,136.4,93.5,62.3,85.0,0.373
2026-02-25 14:29:40.553560,Nairobi-Transport,Transport & Logistics,138.1,92.7,54.4,89.4,0.365
2026-02-25 15:29:40.553560,Nairobi-Transport,Transport & Logistics,134.6,92.1,73.8,87.5,0.387
2026-02-25 16:29:40.553560,Nairobi-Transport,Transport & Logistics,134.1,90.2,78.8,93.8,0.316
2026-02-25 17:29:40.553560,Nairobi-Transport,Transport & Logistics,129.5,100.0,88.4,81.9,0.352
2026-02-25 18:29:40.553560,Nairobi-Transport,Transport & Logistics,129.5,99.1,88.7,85.0,0.373
2026-02-25 19:29:40.553560,Nairobi-Transport,Transport & Logistics,134.5,98.1,69.2,91.5,0.364
2026-02-25 20:29:40.553560,Nairobi-Transport,Transport & Logistics,132.3,97.6,75.9,82.8,0.37
2026-02-25 21:29:40.553560,Nairobi-Transport,Transport & Logistics,138.1,95.7,64.4,85.1,0.349
2026-02-25 22:29:40.553560,Nairobi-Transport,Transport & Logistics,142.3,94.3,72.7,88.2,0.486
2026-02-25 23:29:40.553560,Nairobi-Transport,Transport & Logistics,147.9,93.2,85.2,93.8,0.439
2026-02-26 00:29:40.553560,Nairobi-Transport,Transport & Logistics,142.7,91.6,69.8,89.1,0.477
2026-02-26 01:29:40.553560,Nairobi-Transport,Transport & Logistics,141.5,90.6,67.0,88.0,0.393
2026-02-26 02:29:40.553560,Nairobi-Transport,Transport & Logistics,147.0,90.0,77.8,89.3,0.489
2026-02-26 03:29:40.553560,Nairobi-Transport,Transport & Logistics,150.4,88.2,61.0,96.4,0.328
2026-02-26 04:29:40.553560,Nairobi-Transport,Transport & Logistics,149.3,86.4,81.5,99.2,0.382
2026-02-26 05:29:40.553560,Nairobi-Transport,Transport & Logistics,144.8,85.6,76.6,87.7,0.424
2026-02-26 06:29:40.553560,Nairobi-Transport,Transport & Logistics,148.7,84.1,67.6,93.3,0.439
2026-02-26 07:29:40.553560,Nairobi-Transport,Transport & Logistics,146.4,83.0,81.4,94.9,0.465
2026-02-26 08:29:40.553560,Nairobi-Transport,Transport & Logistics,148.8,81.4,84.0,88.0,0.469
2026-02-26 09:29:40.553560,Nairobi-Transport,Transport & Logistics,144.5,80.6,87.1,85.7,0.433
2026-02-26 10:29:40.553560,Nairobi-Transport,Transport & Logistics,143.0,80.1,87.4,88.6,0.507
2026-02-26 11:29:40.553560,Nairobi-Transport,Transport & Logistics,138.5,79.1,73.1,80.9,0.468
2026-02-26 12:29:40.553560,Nairobi-Transport,Transport & Logistics,135.6,78.1,81.8,85.1,0.453
2026-02-26 13:29:40.553560,Nairobi-Transport,Transport & Logistics,135.9,77.3,79.6,95.3,0.351
2026-02-26 14:29:40.553560,Nairobi-Transport,Transport & Logistics,138.7,75.4,79.6,84.7,0.57
2026-02-26 15:29:40.553560,Nairobi-Transport,Transport & Logistics,135.3,74.6,82.9,86.6,0.447
2026-02-26 16:29:40.553560,Nairobi-Transport,Transport & Logistics,140.5,72.9,89.5,86.9,0.377
2026-02-26 17:29:40.553560,Nairobi-Transport,Transport & Logistics,138.2,71.5,63.0,96.7,0.477
2026-02-26 18:29:40.553560,Nairobi-Transport,Transport & Logistics,137.2,100.0,70.3,86.4,0.338
2026-02-26 19:29:40.553560,Nairobi-Transport,Transport & Logistics,141.2,98.7,80.7,85.5,0.346
2026-02-26 20:29:40.553560,Nairobi-Transport,Transport & Logistics,140.7,98.0,75.8,97.6,0.453
2026-02-26 21:29:40.553560,Nairobi-Transport,Transport & Logistics,144.9,97.1,70.6,89.4,0.443
2026-02-26 22:29:40.553560,Nairobi-Transport,Transport & Logistics,156.2,95.9,66.0,85.4,0.449
2026-02-26 23:29:40.553560,Nairobi-Transport,Transport & Logistics,156.0,95.0,70.7,85.0,0.422
2026-02-27 00:29:40.553560,Nairobi-Transport,Transport & Logistics,155.7,93.6,89.3,85.1,0.505
2026-02-27 01:29:40.553560,Nairobi-Transport,Transport & Logistics,152.1,92.8,64.9,95.3,0.391
2026-02-27 02:29:40.553560,Nairobi-Transport,Transport & Logistics,147.0,91.5,100.0,85.6,0.527
2026-02-27 03:29:40.553560,Nairobi-Transport,Transport & Logistics,143.7,89.6,75.2,97.7,0.385
2026-02-27 04:29:40.553560,Nairobi-Transport,Transport & Logistics,139.9,87.6,68.5,83.5,0.4
2026-02-27 05:29:40.553560,Nairobi-Transport,Transport & Logistics,134.5,86.5,65.8,93.6,0.392
2026-02-27 06:29:40.553560,Nairobi-Transport,Transport & Logistics,132.1,85.1,74.9,98.6,0.383
2026-02-27 07:29:40.553560,Nairobi-Transport,Transport & Logistics,131.7,83.4,80.6,88.6,0.399
2026-02-27 08:29:40.553560,Nairobi-Transport,Transport & Logistics,128.9,82.7,90.0,90.9,0.403
2026-02-27 09:29:40.553560,Nairobi-Transport,Transport & Logistics,132.5,81.3,80.1,92.9,0.366
2026-02-27 10:29:40.553560,Nairobi-Transport,Transport & Logistics,137.1,80.2,66.9,91.1,0.396
2026-02-27 11:29:40.553560,Nairobi-Transport,Transport & Logistics,138.8,79.2,74.1,87.2,0.42
2026-02-27 12:29:40.553560,Nairobi-Transport,Transport & Logistics,141.6,78.1,85.6,85.9,0.477
2026-02-27 13:29:40.553560,Nairobi-Transport,Transport & Logistics,135.7,77.2,78.6,86.8,0.521
2026-02-27 14:29:40.553560,Nairobi-Transport,Transport & Logistics,138.5,76.2,95.7,94.1,0.516
2026-02-27 15:29:40.553560,Nairobi-Transport,Transport & Logistics,139.1,74.2,77.7,91.2,0.451
2026-02-27 16:29:40.553560,Nairobi-Transport,Transport & Logistics,131.1,72.7,57.8,85.6,0.429
2026-02-27 17:29:40.553560,Nairobi-Transport,Transport & Logistics,124.0,70.7,74.0,91.1,0.315
2026-02-27 18:29:40.553560,Nairobi-Transport,Transport & Logistics,122.4,69.7,72.1,94.6,0.346
2026-02-27 19:29:40.553560,Nairobi-Transport,Transport & Logistics,123.3,91.0,80.4,89.4,0.418
2026-02-27 20:29:40.553560,Nairobi-Transport,Transport & Logistics,133.4,89.7,55.1,92.7,0.394
2026-02-27 21:29:40.553560,Nairobi-Transport,Transport & Logistics,133.0,88.2,78.1,87.2,0.492
2026-02-27 22:29:40.553560,Nairobi-Transport,Transport & Logistics,139.8,87.6,71.9,91.7,0.305
2026-02-27 23:29:40.553560,Nairobi-Transport,Transport & Logistics,143.0,86.7,84.5,95.5,0.434
2026-02-28 00:29:40.553560,Nairobi-Transport,Transport & Logistics,141.7,100.0,92.6,87.3,0.446
2026-02-28 01:29:40.553560,Nairobi-Transport,Transport & Logistics,150.0,98.8,77.3,85.8,0.372
2026-02-28 02:29:40.553560,Nairobi-Transport,Transport & Logistics,150.2,97.0,73.1,97.7,0.423
2026-02-28 03:29:40.553560,Nairobi-Transport,Transport & Logistics,148.9,95.0,91.7,98.6,0.309
2026-02-28 04:29:40.553560,Nairobi-Transport,Transport & Logistics,149.0,93.3,77.5,94.5,0.454
2026-02-28 05:29:40.553560,Nairobi-Transport,Transport & Logistics,145.5,100.0,96.8,92.0,0.428
2026-02-28 06:29:40.553560,Nairobi-Transport,Transport & Logistics,136.8,100.0,74.2,83.9,0.372
2026-02-28 07:29:40.553560,Nairobi-Transport,Transport & Logistics,129.0,99.3,77.2,93.3,0.311
2026-02-28 08:29:40.553560,Nairobi-Transport,Transport & Logistics,131.4,98.1,79.3,86.1,0.322
2026-02-28 09:29:40.553560,Nairobi-Transport,Transport & Logistics,134.6,96.2,71.0,84.3,0.507
2026-02-28 10:29:40.553560,Nairobi-Transport,Transport & Logistics,133.6,95.3,76.2,87.7,0.398
2026-02-28 11:29:40.553560,Nairobi-Transport,Transport & Logistics,134.1,94.0,65.4,88.7,0.384
2026-02-28 12:29:40.553560,Nairobi-Transport,Transport & Logistics,131.5,93.4,68.3,85.4,0.367
2026-02-28 13:29:40.553560,Nairobi-Transport,Transport & Logistics,132.3,92.6,68.7,87.4,0.273
2026-02-28 14:29:40.553560,Nairobi-Transport,Transport & Logistics,130.8,91.5,50.0,90.6,0.374
2026-02-28 15:29:40.553560,Nairobi-Transport,Transport & Logistics,129.8,90.4,72.7,87.2,0.353
2026-02-28 16:29:40.553560,Nairobi-Transport,Transport & Logistics,128.2,89.2,75.5,95.5,0.279
2026-02-28 17:29:40.553560,Nairobi-Transport,Transport & Logistics,130.1,88.6,60.2,85.7,0.401
2026-02-28 18:29:40.553560,Nairobi-Transport,Transport & Logistics,120.3,87.6,87.4,88.6,0.438
2026-02-28 19:29:40.553560,Nairobi-Transport,Transport & Logistics,122.1,86.9,78.0,89.1,0.379
2026-02-28 20:29:40.553560,Nairobi-Transport,Transport & Logistics,126.4,85.0,74.1,89.2,0.404
2026-02-28 21:29:40.553560,Nairobi-Transport,Transport & Logistics,127.2,84.4,81.4,87.7,0.405
2026-02-28 22:29:40.553560,Nairobi-Transport,Transport & Logistics,121.8,82.9,74.4,92.7,0.352
2026-02-28 23:29:40.553560,Nairobi-Transport,Transport & Logistics,124.0,82.4,69.6,86.4,0.402
2026-03-01 00:29:40.553560,Nairobi-Transport,Transport & Logistics,125.4,81.0,66.1,80.5,0.486
2026-03-01 01:29:40.553560,Nairobi-Transport,Transport & Logistics,115.6,79.3,73.3,88.1,0.448
2026-03-01 02:29:40.553560,Nairobi-Transport,Transport & Logistics,114.9,78.8,64.6,98.8,0.323
2026-03-01 03:29:40.553560,Nairobi-Transport,Transport & Logistics,113.3,78.2,73.3,99.3,0.358
2026-03-01 04:29:40.553560,Nairobi-Transport,Transport & Logistics,112.7,77.5,81.6,88.4,0.452
2026-03-01 05:29:40.553560,Nairobi-Transport,Transport & Logistics,106.7,76.7,46.3,90.1,0.369
2026-03-01 06:29:40.553560,Nairobi-Transport,Transport & Logistics,110.8,76.1,81.9,92.7,0.48
2026-03-01 07:29:40.553560,Nairobi-Transport,Transport & Logistics,107.1,74.3,52.5,86.9,0.425
2026-03-01 08:29:40.553560,Nairobi-Transport,Transport & Logistics,112.2,73.1,79.3,90.2,0.366
2026-03-01 09:29:40.553560,Nairobi-Transport,Transport & Logistics,117.9,71.5,80.8,85.0,0.422
2026-03-01 10:29:40.553560,Nairobi-Transport,Transport & Logistics,117.2,70.3,65.3,89.4,0.489
2026-03-01 11:29:40.553560,Nairobi-Transport,Transport & Logistics,111.8,69.2,69.2,94.4,0.392
2026-03-01 12:29:40.553560,Nairobi-Transport,Transport & Logistics,114.3,67.6,76.8,98.2,0.337
2026-03-01 13:29:40.553560,Nairobi-Transport,Transport & Logistics,103.0,66.2,79.7,90.9,0.433
2026-03-01 14:29:40.553560,Nairobi-Transport,Transport & Logistics,101.3,65.4,66.4,95.8,0.427
2026-03-01 15:29:40.553560,Nairobi-Transport,Transport & Logistics,105.9,64.8,87.9,82.3,0.543
2026-03-01 16:29:40.553560,Nairobi-Transport,Transport & Logistics,105.6,62.8,77.9,98.7,0.464
2026-03-01 17:29:40.553560,Nairobi-Transport,Transport & Logistics,99.9,61.2,83.6,95.9,0.375
2026-03-01 18:29:40.553560,Nairobi-Transport,Transport & Logistics,107.4,59.7,64.7,94.3,0.37
2026-03-01 19:29:40.553560,Nairobi-Transport,Transport & Logistics,107.4,58.8,67.9,95.0,0.49
2026-03-01 20:29:40.553560,Nairobi-Transport,Transport & Logistics,98.6,57.1,72.2,85.3,0.417
2026-03-01 21:29:40.553560,Nairobi-Transport,Transport & Logistics,99.0,56.6,76.2,93.0,0.462
2026-03-01 22:29:40.553560,Nairobi-Transport,Transport & Logistics,103.2,55.2,57.9,96.8,0.416
2026-03-01 23:29:40.553560,Nairobi-Transport,Transport & Logistics,105.4,54.2,72.2,89.7,0.476
2026-03-02 00:29:40.553560,Nairobi-Transport,Transport & Logistics,107.7,52.5,45.8,86.4,0.476
2026-03-02 01:29:40.553560,Nairobi-Transport,Transport & Logistics,108.3,50.9,56.7,89.8,0.416
2026-03-02 02:29:40.553560,Nairobi-Transport,Transport & Logistics,108.5,49.1,66.8,92.0,0.454
2026-03-02 03:29:40.553560,Nairobi-Transport,Transport & Logistics,112.8,47.3,80.1,83.8,0.453
2026-03-02 04:29:40.553560,Nairobi-Transport,Transport & Logistics,119.9,46.4,71.9,94.8,0.554
2026-03-02 05:29:40.553560,Nairobi-Transport,Transport & Logistics,117.7,45.2,63.8,90.4,0.597
2026-03-02 06:29:40.553560,Nairobi-Transport,Transport & Logistics,117.6,44.4,76.7,95.8,0.54
2026-03-02 07:29:40.553560,Nairobi-Transport,Transport & Logistics,120.5,42.6,85.0,87.0,0.519
2026-03-02 08:29:40.553560,Nairobi-Transport,Transport & Logistics,115.2,40.6,75.2,87.6,0.575
2026-03-02 09:29:40.553560,Nairobi-Transport,Transport & Logistics,116.6,38.9,83.5,94.1,0.532
2026-03-02 10:29:40.553560,Nairobi-Transport,Transport & Logistics,118.4,36.9,76.6,92.5,0.505
2026-03-02 11:29:40.553560,Nairobi-Transport,Transport & Logistics,112.3,35.0,65.8,96.1,0.463
2026-03-02 12:29:40.553560,Nairobi-Transport,Transport & Logistics,113.7,33.8,81.3,92.4,0.462
2026-03-02 13:29:40.553560,Nairobi-Transport,Transport & Logistics,116.1,54.9,75.9,91.2,0.494
2026-03-02 14:29:40.553560,Nairobi-Transport,Transport & Logistics,120.5,53.9,75.5,85.6,0.398
2026-03-02 15:29:40.553560,Nairobi-Transport,Transport & Logistics,128.7,52.2,76.2,96.4,0.546
2026-03-02 16:29:40.553560,Nairobi-Transport,Transport & Logistics,129.1,50.4,83.7,96.6,0.389
2026-03-02 17:29:40.553560,Nairobi-Transport,Transport & Logistics,126.5,49.7,72.1,92.3,0.38
2026-03-02 18:29:40.553560,Nairobi-Transport,Transport & Logistics,122.5,48.4,75.2,87.9,0.523
2026-03-02 19:29:40.553560,Nairobi-Transport,Transport & Logistics,122.9,47.5,74.7,96.3,0.387
2026-03-02 20:29:40.553560,Nairobi-Transport,Transport & Logistics,121.4,46.5,86.7,83.7,0.49
2026-03-02 21:29:40.553560,Nairobi-Transport,Transport & Logistics,117.9,45.3,66.0,91.7,0.447
2026-03-02 22:29:40.553560,Nairobi-Transport,Transport & Logistics,125.7,43.4,81.4,86.8,0.573
2026-03-02 23:29:40.553560,Nairobi-Transport,Transport & Logistics,125.7,41.8,65.2,98.3,0.505
2026-03-03 00:29:40.553560,Nairobi-Transport,Transport & Logistics,123.9,39.8,85.9,90.9,0.509
2026-03-03 01:29:40.553560,Nairobi-Transport,Transport & Logistics,123.2,38.4,88.3,94.4,0.574
2026-03-03 02:29:40.553560,Nairobi-Transport,Transport & Logistics,133.2,36.7,77.0,89.8,0.513
2026-03-03 03:29:40.553560,Nairobi-Transport,Transport & Logistics,136.6,35.7,54.6,86.0,0.582
2026-03-03 04:29:40.553560,Nairobi-Transport,Transport & Logistics,133.2,34.5,82.8,99.5,0.577
2026-03-03 05:29:40.553560,Nairobi-Transport,Transport & Logistics,127.6,33.3,91.1,90.5,0.503
2026-03-03 06:29:40.553560,Nairobi-Transport,Transport & Logistics,119.6,32.7,77.5,87.3,0.608
2026-03-03 07:29:40.553560,Nairobi-Transport,Transport & Logistics,121.8,31.2,67.3,87.3,0.5
2026-03-03 08:29:40.553560,Nairobi-Transport,Transport & Logistics,126.0,30.2,78.4,98.1,0.5
2026-03-03 09:29:40.553560,Nairobi-Transport,Transport & Logistics,128.2,29.6,82.8,93.6,0.56
2026-03-03 10:29:40.553560,Nairobi-Transport,Transport & Logistics,130.6,29.0,57.3,89.1,0.52
2026-03-03 11:29:40.553560,Nairobi-Transport,Transport & Logistics,121.8,27.3,57.2,92.7,0.612
2026-03-03 12:29:40.553560,Nairobi-Transport,Transport & Logistics,119.1,26.6,77.7,98.5,0.61
2026-03-03 13:29:40.553560,Nairobi-Transport,Transport & Logistics,111.9,25.5,76.5,100.0,0.554
2026-03-03 14:29:40.553560,Nairobi-Transport,Transport & Logistics,115.4,23.6,59.6,89.3,0.582
2026-03-03 15:29:40.553560,Nairobi-Transport,Transport & Logistics,107.7,47.6,63.9,93.8,0.452
2026-03-03 16:29:40.553560,Nairobi-Transport,Transport & Logistics,111.7,46.9,79.4,90.6,0.531
2026-03-03 17:29:40.553560,Nairobi-Transport,Transport & Logistics,122.7,46.0,92.6,79.2,0.587
2026-03-03 18:29:40.553560,Nairobi-Transport,Transport & Logistics,116.7,45.4,72.5,90.4,0.553
2026-03-03 19:29:40.553560,Nairobi-Transport,Transport & Logistics,120.6,43.4,65.3,88.7,0.419
2026-03-03 20:29:40.553560,Nairobi-Transport,Transport & Logistics,122.6,42.6,75.7,89.3,0.519
2026-03-03 21:29:40.553560,Nairobi-Transport,Transport & Logistics,117.3,41.9,69.2,93.1,0.534
2026-03-03 22:29:40.553560,Nairobi-Transport,Transport & Logistics,118.7,40.3,83.0,91.2,0.546
2026-03-03 23:29:40.553560,Nairobi-Transport,Transport & Logistics,112.2,38.6,79.7,94.7,0.436
2026-03-04 00:29:40.553560,Nairobi-Transport,Transport & Logistics,116.2,77.7,75.1,87.6,0.322
2026-03-04 01:29:40.553560,Nairobi-Transport,Transport & Logistics,114.3,100.0,75.0,83.8,0.364
2026-03-04 02:29:40.553560,Nairobi-Transport,Transport & Logistics,106.4,98.3,76.4,85.2,0.294
2026-03-04 03:29:40.553560,Nairobi-Transport,Transport & Logistics,106.1,96.6,60.8,93.7,0.283
2026-03-04 04:29:40.553560,Nairobi-Transport,Transport & Logistics,112.1,95.7,79.0,91.0,0.442
2026-03-04 05:29:40.553560,Nairobi-Transport,Transport & Logistics,107.0,94.4,68.4,96.8,0.263
2026-03-04 06:29:40.553560,Nairobi-Transport,Transport & Logistics,100.2,100.0,80.3,91.2,0.332
2026-03-04 07:29:40.553560,Nairobi-Transport,Transport & Logistics,106.6,98.7,66.6,91.5,0.3
2026-03-04 08:29:40.553560,Nairobi-Transport,Transport & Logistics,98.3,97.6,97.7,99.3,0.347
2026-03-04 09:29:40.553560,Nairobi-Transport,Transport & Logistics,99.1,100.0,79.2,87.4,0.347
2026-03-04 10:29:40.553560,Nairobi-Transport,Transport & Logistics,99.3,99.3,81.0,91.5,0.298
2026-03-04 11:29:40.553560,Nairobi-Transport,Transport & Logistics,96.1,98.2,60.8,98.3,0.182
2026-03-04 12:29:40.553560,Nairobi-Transport,Transport & Logistics,95.8,100.0,88.3,92.0,0.263
2026-03-04 13:29:40.553560,Nairobi-Transport,Transport & Logistics,93.2,98.9,62.3,83.6,0.239
2026-03-04 14:29:40.553560,Nairobi-Transport,Transport & Logistics,95.2,97.1,63.0,95.6,0.25
2026-03-04 15:29:40.553560,Nairobi-Transport,Transport & Logistics,102.2,96.3,89.5,88.7,0.307
2026-03-04 16:29:40.553560,Nairobi-Transport,Transport & Logistics,95.5,95.6,80.6,95.6,0.321
2026-03-04 17:29:40.553560,Nairobi-Transport,Transport & Logistics,89.6,95.0,76.9,90.6,0.292
2026-03-04 18:29:40.553560,Nairobi-Transport,Transport & Logistics,91.9,93.5,90.9,90.1,0.365
2026-03-04 19:29:40.553560,Nairobi-Transport,Transport & Logistics,93.8,91.7,64.3,90.8,0.313
2026-03-04 20:29:40.553560,Nairobi-Transport,Transport & Logistics,95.7,100.0,63.2,86.0,0.203
2026-03-04 21:29:40.553560,Nairobi-Transport,Transport & Logistics,93.7,98.6,78.0,88.4,0.294
2026-03-04 22:29:40.553560,Nairobi-Transport,Transport & Logistics,94.0,97.3,84.5,91.1,0.312
2026-03-04 23:29:40.553560,Nairobi-Transport,Transport & Logistics,92.3,95.9,53.8,98.2,0.258
2026-03-05 00:29:40.553560,Nairobi-Transport,Transport & Logistics,99.0,100.0,79.1,79.2,0.364
2026-03-05 01:29:40.553560,Nairobi-Transport,Transport & Logistics,102.9,98.6,76.2,93.8,0.337
2026-03-05 02:29:40.553560,Nairobi-Transport,Transport & Logistics,104.9,97.6,59.0,83.9,0.36
2026-03-05 03:29:40.553560,Nairobi-Transport,Transport & Logistics,107.3,96.9,72.2,79.1,0.325
2026-03-05 04:29:40.553560,Nairobi-Transport,Transport & Logistics,109.8,95.7,89.8,90.5,0.298
2026-03-05 05:29:40.553560,Nairobi-Transport,Transport & Logistics,117.0,94.8,65.0,91.1,0.29
2026-03-05 06:29:40.553560,Nairobi-Transport,Transport & Logistics,119.8,93.3,67.5,94.7,0.434
2026-03-05 07:29:40.553560,Nairobi-Transport,Transport & Logistics,119.3,91.7,86.2,96.5,0.361
2026-03-05 08:29:40.553560,Nairobi-Transport,Transport & Logistics,113.5,90.9,52.9,82.1,0.296
2026-03-05 09:29:40.553560,Nairobi-Transport,Transport & Logistics,125.9,89.8,70.9,95.2,0.302
2026-03-05 10:29:40.553560,Nairobi-Transport,Transport & Logistics,127.1,89.3,75.9,86.0,0.367
2026-03-05 11:29:40.553560,Nairobi-Transport,Transport & Logistics,133.2,88.4,90.3,95.2,0.424
2026-03-05 12:29:40.553560,Nairobi-Transport,Transport & Logistics,131.0,87.3,73.4,82.4,0.421
2026-03-05 13:29:40.553560,Nairobi-Transport,Transport & Logistics,135.3,86.6,85.2,85.4,0.381
2026-03-05 14:29:40.553560,Nairobi-Transport,Transport & Logistics,126.0,85.2,73.5,86.8,0.434
2026-03-05 15:29:40.553560,Nairobi-Transport,Transport & Logistics,117.5,84.5,70.3,96.6,0.339
2026-03-05 16:29:40.553560,Nairobi-Transport,Transport & Logistics,112.6,100.0,76.3,91.3,0.337
2026-03-05 17:29:40.553560,Nairobi-Transport,Transport & Logistics,111.2,99.5,55.6,91.2,0.231
2026-03-05 18:29:40.553560,Nairobi-Transport,Transport & Logistics,114.9,100.0,78.0,95.4,0.346
2026-03-05 19:29:40.553560,Nairobi-Transport,Transport & Logistics,115.4,98.7,58.5,96.7,0.406
2026-03-05 20:29:40.553560,Nairobi-Transport,Transport & Logistics,117.9,98.2,82.3,87.7,0.32
2026-03-05 21:29:40.553560,Nairobi-Transport,Transport & Logistics,127.3,97.4,82.2,90.0,0.409
2026-03-05 22:29:40.553560,Nairobi-Transport,Transport & Logistics,125.4,95.6,58.9,92.8,0.42
2026-03-05 23:29:40.553560,Nairobi-Transport,Transport & Logistics,126.8,94.4,57.2,90.4,0.357
2026-03-06 00:29:40.553560,Nairobi-Transport,Transport & Logistics,128.1,92.8,66.7,80.0,0.298
2026-03-06 01:29:40.553560,Nairobi-Transport,Transport & Logistics,124.2,90.9,71.3,83.6,0.386
2026-03-06 02:29:40.553560,Nairobi-Transport,Transport & Logistics,119.4,89.2,66.3,84.7,0.413
2026-03-06 03:29:40.553560,Nairobi-Transport,Transport & Logistics,120.7,87.9,66.1,90.8,0.271
2026-03-06 04:29:40.553560,Nairobi-Transport,Transport & Logistics,121.2,86.5,81.0,100.0,0.476
2026-03-06 05:29:40.553560,Nairobi-Transport,Transport & Logistics,117.9,85.3,78.0,90.8,0.389
2026-03-06 06:29:40.553560,Nairobi-Transport,Transport & Logistics,119.6,84.7,74.0,91.2,0.431
2026-03-06 07:29:40.553560,Nairobi-Transport,Transport & Logistics,110.5,83.9,62.5,78.9,0.326
2026-03-06 08:29:40.553560,Nairobi-Transport,Transport & Logistics,112.4,82.0,76.3,89.8,0.383
2026-03-06 09:29:40.553560,Nairobi-Transport,Transport & Logistics,119.0,81.4,82.7,84.8,0.457
2026-03-06 10:29:40.553560,Nairobi-Transport,Transport & Logistics,120.3,80.4,83.3,89.6,0.359
2026-03-06 11:29:40.553560,Nairobi-Transport,Transport & Logistics,118.7,79.5,77.6,86.1,0.334
2026-03-06 12:29:40.553560,Nairobi-Transport,Transport & Logistics,122.6,77.8,58.7,92.4,0.368
2026-03-06 13:29:40.553560,Nairobi-Transport,Transport & Logistics,117.2,75.8,74.1,86.5,0.417
2026-03-06 14:29:40.553560,Nairobi-Transport,Transport & Logistics,124.2,74.9,81.2,84.8,0.479
2026-03-06 15:29:40.553560,Nairobi-Transport,Transport & Logistics,129.4,74.4,70.9,89.5,0.385
2026-03-06 16:29:40.553560,Nairobi-Transport,Transport & Logistics,117.5,72.8,72.0,91.9,0.471
2026-03-06 17:29:40.553560,Nairobi-Transport,Transport & Logistics,117.8,71.9,65.7,94.2,0.454
2026-03-06 18:29:40.553560,Nairobi-Transport,Transport & Logistics,119.7,71.2,63.1,88.7,0.404
2026-03-06 19:29:40.553560,Nairobi-Transport,Transport & Logistics,115.3,69.8,82.5,84.2,0.468
2026-03-06 20:29:40.553560,Nairobi-Transport,Transport & Logistics,122.1,68.8,76.5,90.4,0.439
2026-03-06 21:29:40.553560,Nairobi-Transport,Transport & Logistics,128.1,68.3,80.8,90.3,0.506
2026-03-06 22:29:40.553560,Nairobi-Transport,Transport & Logistics,130.0,67.5,83.5,86.5,0.476
2026-03-06 23:29:40.553560,Nairobi-Transport,Transport & Logistics,130.5,66.8,70.2,88.7,0.513
2026-03-07 00:29:40.553560,Nairobi-Transport,Transport & Logistics,136.2,65.1,85.8,97.5,0.487
2026-03-07 01:29:40.553560,Nairobi-Transport,Transport & Logistics,142.9,64.4,72.2,97.4,0.447
2026-03-07 02:29:40.553560,Nairobi-Transport,Transport & Logistics,148.6,63.7,71.4,87.6,0.547
2026-03-07 03:29:40.553560,Nairobi-Transport,Transport & Logistics,148.7,61.8,66.7,92.3,0.434
2026-03-07 04:29:40.553560,Nairobi-Transport,Transport & Logistics,149.4,61.1,70.8,85.9,0.556
2026-03-07 05:29:40.553560,Nairobi-Transport,Transport & Logistics,149.3,59.2,87.7,91.5,0.542
2026-03-07 06:29:40.553560,Nairobi-Transport,Transport & Logistics,149.5,57.8,81.7,89.1,0.529
2026-03-07 07:29:40.553560,Nairobi-Transport,Transport & Logistics,145.2,56.3,81.8,91.7,0.627
2026-03-07 08:29:40.553560,Nairobi-Transport,Transport & Logistics,144.2,55.4,75.4,88.5,0.534
2026-03-07 09:29:40.553560,Nairobi-Transport,Transport & Logistics,140.7,54.3,67.1,89.2,0.536
2026-03-07 10:29:40.553560,Nairobi-Transport,Transport & Logistics,140.2,53.5,71.5,86.7,0.569
2026-03-07 11:29:40.553560,Nairobi-Transport,Transport & Logistics,144.4,51.7,75.8,90.0,0.485
2026-03-07 12:29:40.553560,Nairobi-Transport,Transport & Logistics,143.1,51.1,68.6,91.0,0.542
2026-03-07 13:29:40.553560,Nairobi-Transport,Transport & Logistics,146.1,49.9,75.0,86.1,0.522
2026-03-07 14:29:40.553560,Nairobi-Transport,Transport & Logistics,145.5,48.5,93.2,87.1,0.564
2026-03-07 15:29:40.553560,Nairobi-Transport,Transport & Logistics,150.7,47.3,89.3,99.7,0.541
2026-03-07 16:29:40.553560,Nairobi-Transport,Transport & Logistics,143.8,70.2,72.1,86.6,0.398
2026-03-07 17:29:40.553560,Nairobi-Transport,Transport & Logistics,145.7,69.1,64.6,84.0,0.429
2026-03-07 18:29:40.553560,Nairobi-Transport,Transport & Logistics,146.9,68.5,75.1,88.2,0.536
2026-03-07 19:29:40.553560,Nairobi-Transport,Transport & Logistics,150.0,67.3,78.6,95.6,0.48
2026-03-07 20:29:40.553560,Nairobi-Transport,Transport & Logistics,149.2,65.8,86.7,96.8,0.448
2026-03-07 21:29:40.553560,Nairobi-Transport,Transport & Logistics,143.3,64.6,76.2,89.6,0.368
2026-03-07 22:29:40.553560,Nairobi-Transport,Transport & Logistics,146.0,63.4,61.0,84.3,0.411
2026-03-07 23:29:40.553560,Nairobi-Transport,Transport & Logistics,155.0,62.8,70.8,84.3,0.51
2026-03-08 00:29:40.553560,Nairobi-Transport,Transport & Logistics,148.4,61.7,76.5,87.9,0.455
2026-03-08 01:29:40.553560,Nairobi-Transport,Transport & Logistics,139.5,60.9,68.1,87.0,0.398
2026-03-08 02:29:40.553560,Nairobi-Transport,Transport & Logistics,137.0,59.5,73.6,94.4,0.473
2026-03-08 03:29:40.553560,Nairobi-Transport,Transport & Logistics,138.8,58.3,62.8,94.9,0.415
2026-03-08 04:29:40.553560,Nairobi-Transport,Transport & Logistics,135.3,56.4,69.0,97.0,0.469
2026-03-08 05:29:40.553560,Nairobi-Transport,Transport & Logistics,136.0,54.5,65.6,90.3,0.596
2026-03-08 06:29:40.553560,Nairobi-Transport,Transport & Logistics,137.8,53.9,70.7,82.7,0.495
2026-03-08 07:29:40.553560,Nairobi-Transport,Transport & Logistics,137.8,52.7,71.3,98.1,0.546
2026-03-08 08:29:40.553560,Nairobi-Transport,Transport & Logistics,135.1,51.2,58.7,92.9,0.524
2026-03-08 09:29:40.553560,Nairobi-Transport,Transport & Logistics,140.5,49.4,70.6,96.6,0.521
2026-03-08 10:29:40.553560,Nairobi-Transport,Transport & Logistics,147.7,48.4,75.1,92.4,0.643
2026-03-08 11:29:40.553560,Nairobi-Transport,Transport & Logistics,153.0,46.8,52.6,90.3,0.582
2026-03-08 12:29:40.553560,Nairobi-Transport,Transport & Logistics,146.9,45.1,90.8,90.9,0.588
2026-03-08 13:29:40.553560,Nairobi-Transport,Transport & Logistics,147.0,44.2,76.7,94.9,0.614
2026-03-08 14:29:40.553560,Nairobi-Transport,Transport & Logistics,149.2,42.7,71.7,88.1,0.496
2026-03-08 15:29:40.553560,Nairobi-Transport,Transport & Logistics,153.6,42.1,68.0,96.6,0.578
2026-03-08 16:29:40.553560,Nairobi-Transport,Transport & Logistics,150.7,40.7,75.2,88.4,0.491
2026-03-08 17:29:40.553560,Nairobi-Transport,Transport & Logistics,142.1,38.8,74.6,86.3,0.572
2026-03-08 18:29:40.553560,Nairobi-Transport,Transport & Logistics,147.3,37.5,80.3,93.1,0.578
2026-03-08 19:29:40.553560,Nairobi-Transport,Transport & Logistics,157.0,35.9,54.0,81.6,0.494
2026-03-08 20:29:40.553560,Nairobi-Transport,Transport & Logistics,149.1,34.6,83.5,87.1,0.553
2026-03-08 21:29:40.553560,Nairobi-Transport,Transport & Logistics,151.5,33.1,68.0,90.0,0.623
2026-03-08 22:29:40.553560,Nairobi-Transport,Transport & Logistics,150.9,32.3,67.9,95.4,0.562
2026-03-08 23:29:40.553560,Nairobi-Transport,Transport & Logistics,155.5,30.6,89.9,87.5,0.656
2026-03-09 00:29:40.553560,Nairobi-Transport,Transport & Logistics,152.3,29.4,66.2,80.1,0.625
2026-03-09 01:29:40.553560,Nairobi-Transport,Transport & Logistics,150.8,63.5,73.2,83.0,0.597
2026-03-09 02:29:40.553560,Nairobi-Transport,Transport & Logistics,155.5,62.0,75.9,90.4,0.516
2026-03-09 03:29:40.553560,Nairobi-Transport,Transport & Logistics,155.2,61.1,98.0,84.1,0.491
2026-03-09 04:29:40.553560,Nairobi-Transport,Transport & Logistics,155.6,59.6,81.4,89.8,0.532
2026-03-09 05:29:40.553560,Nairobi-Transport,Transport & Logistics,159.3,58.1,70.0,83.0,0.515
2026-03-09 06:29:40.553560,Nairobi-Transport,Transport & Logistics,153.8,56.9,58.5,89.9,0.523
2026-03-09 07:29:40.553560,Nairobi-Transport,Transport & Logistics,158.6,55.6,82.0,88.1,0.594
2026-03-09 08:29:40.553560,Nairobi-Transport,Transport & Logistics,161.4,54.0,89.8,90.5,0.601
2026-03-09 09:29:40.553560,Nairobi-Transport,Transport & Logistics,168.3,52.3,69.2,90.5,0.506
2026-03-09 10:29:40.553560,Nairobi-Transport,Transport & Logistics,173.7,51.5,73.5,92.9,0.621
2026-03-09 11:29:40.553560,Nairobi-Transport,Transport & Logistics,173.4,49.8,80.7,88.6,0.51
2026-03-09 12:29:40.553560,Nairobi-Transport,Transport & Logistics,178.6,49.0,66.3,94.5,0.554
2026-03-09 13:29:40.553560,Nairobi-Transport,Transport & Logistics,176.4,47.4,75.2,88.7,0.594
2026-03-09 14:29:40.553560,Nairobi-Transport,Transport & Logistics,180.7,46.7,56.0,86.7,0.664
2026-03-09 15:29:40.553560,Nairobi-Transport,Transport & Logistics,180.6,45.2,80.0,81.4,0.571
2026-03-09 16:29:40.553560,Nairobi-Transport,Transport & Logistics,176.6,44.5,67.2,87.5,0.584
2026-03-09 17:29:40.553560,Nairobi-Transport,Transport & Logistics,177.4,43.7,82.5,86.7,0.635
2026-03-09 18:29:40.553560,Nairobi-Transport,Transport & Logistics,179.0,42.4,63.1,87.5,0.621
2026-03-09 19:29:40.553560,Nairobi-Transport,Transport & Logistics,189.4,41.1,77.4,92.1,0.666
2026-03-09 20:29:40.553560,Nairobi-Transport,Transport & Logistics,185.5,39.7,72.3,90.9,0.544
2026-03-09 21:29:40.553560,Nairobi-Transport,Transport & Logistics,181.9,39.2,67.0,91.8,0.619
2026-03-09 22:29:40.553560,Nairobi-Transport,Transport & Logistics,180.3,75.6,64.0,98.3,0.49
2026-03-09 23:29:40.553560,Nairobi-Transport,Transport & Logistics,172.9,74.1,83.3,95.7,0.542
2026-03-10 00:29:40.553560,Nairobi-Transport,Transport & Logistics,168.7,73.3,76.9,82.7,0.529
2026-03-10 01:29:40.553560,Nairobi-Transport,Transport & Logistics,167.6,71.8,66.4,89.1,0.417
2026-03-10 02:29:40.553560,Nairobi-Transport,Transport & Logistics,173.5,69.9,66.2,89.0,0.554
2026-03-10 03:29:40.553560,Nairobi-Transport,Transport & Logistics,168.5,68.9,65.6,91.5,0.462
2026-03-10 04:29:40.553560,Nairobi-Transport,Transport & Logistics,178.4,67.5,67.5,85.2,0.52
2026-03-10 05:29:40.553560,Nairobi-Transport,Transport & Logistics,189.5,66.7,80.6,96.6,0.493
2026-03-10 06:29:40.553560,Nairobi-Transport,Transport & Logistics,188.8,66.0,58.2,81.2,0.474
2026-03-10 07:29:40.553560,Nairobi-Transport,Transport & Logistics,194.4,64.2,81.8,95.1,0.6
2026-03-10 08:29:40.553560,Nairobi-Transport,Transport & Logistics,198.7,63.3,74.1,100.0,0.571
2026-03-10 09:29:40.553560,Nairobi-Transport,Transport & Logistics,197.2,61.3,64.6,91.4,0.574
2026-03-10 10:29:40.553560,Nairobi-Transport,Transport & Logistics,198.4,60.7,81.6,80.0,0.631
2026-03-10 11:29:40.553560,Nairobi-Transport,Transport & Logistics,204.2,59.9,89.9,96.1,0.589
2026-03-10 12:29:40.553560,Nairobi-Transport,Transport & Logistics,196.2,58.5,86.0,87.7,0.512
2026-03-10 13:29:40.553560,Nairobi-Transport,Transport & Logistics,199.8,57.6,75.4,97.5,0.568
2026-03-10 14:29:40.553560,Nairobi-Transport,Transport & Logistics,197.7,57.0,71.1,84.2,0.661
2026-03-10 15:29:40.553560,Nairobi-Transport,Transport & Logistics,199.8,55.3,77.7,81.3,0.64
2026-03-10 16:29:40.553560,Nairobi-Transport,Transport & Logistics,193.4,53.6,70.6,85.2,0.636
2026-03-10 17:29:40.553560,Nairobi-Transport,Transport & Logistics,188.9,52.8,73.0,93.4,0.698
2026-03-10 18:29:40.553560,Nairobi-Transport,Transport & Logistics,188.3,50.8,75.5,94.7,0.475
2026-03-10 19:29:40.553560,Nairobi-Transport,Transport & Logistics,185.3,50.0,78.0,91.7,0.614
2026-03-10 20:29:40.553560,Nairobi-Transport,Transport & Logistics,185.5,97.8,76.9,83.1,0.482
2026-03-10 21:29:40.553560,Nairobi-Transport,Transport & Logistics,186.6,96.3,80.3,88.1,0.42
2026-03-10 22:29:40.553560,Nairobi-Transport,Transport & Logistics,191.1,95.5,78.5,89.8,0.457
2026-03-10 23:29:40.553560,Nairobi-Transport,Transport & Logistics,188.2,100.0,64.5,90.4,0.433
2026-03-11 00:29:40.553560,Nairobi-Transport,Transport & Logistics,193.7,99.1,92.5,90.6,0.481
2026-03-11 01:29:40.553560,Nairobi-Transport,Transport & Logistics,190.0,100.0,73.8,100.0,0.327
2026-03-11 02:29:40.553560,Nairobi-Transport,Transport & Logistics,190.1,99.4,82.8,98.3,0.465
2026-03-11 03:29:40.553560,Nairobi-Transport,Transport & Logistics,185.9,97.9,85.9,83.4,0.541
2026-03-11 04:29:40.553560,Nairobi-Transport,Transport & Logistics,180.3,97.0,81.2,92.3,0.39
2026-03-11 05:29:40.553560,Nairobi-Transport,Transport & Logistics,175.6,95.6,65.6,76.9,0.516
2026-03-11 06:29:40.553560,Nairobi-Transport,Transport & Logistics,173.9,94.3,79.5,95.3,0.456
2026-03-11 07:29:40.553560,Nairobi-Transport,Transport & Logistics,168.7,93.4,71.6,99.0,0.444
2026-03-11 08:29:40.553560,Nairobi-Transport,Transport & Logistics,168.0,91.8,74.1,88.0,0.321
2026-03-11 09:29:40.553560,Nairobi-Transport,Transport & Logistics,171.9,91.0,88.8,88.6,0.464
2026-03-11 10:29:40.553560,Nairobi-Transport,Transport & Logistics,165.6,89.6,81.1,87.6,0.53
2026-03-11 11:29:40.553560,Nairobi-Transport,Transport & Logistics,167.3,88.7,75.1,77.5,0.437
2026-03-11 12:29:40.553560,Nairobi-Transport,Transport & Logistics,163.6,87.7,79.2,85.9,0.574
2026-03-11 13:29:40.553560,Nairobi-Transport,Transport & Logistics,168.0,86.9,72.8,92.3,0.47
